species;community;family;accession;code;abundance;recolection;incubator;total_seeds;viable_seeds;viablePER;seeds_germ;germPER;autumn_germ ;spring_germ ;summer_germ ;winter_germ;t50;HS;MGT;Syn
Agrostis tileni;Mediterranean;Poaceae;250821-06;250821-06;0.43;25/08/2021;Fellfield;66;9;13.64;9;100;0;100;0;0;225.4583333;574.3333333;0.00439;0.867
Agrostis tileni;Mediterranean;Poaceae;250821-06;250821-06;0.43;25/08/2021;Snowbed;75;5;6.67;5;100;0;0;100;0;301.6666667;817.5;0.00333;1
Androsace villosa;Temperate;Primulaceae;300821-03;300821-03;0.85;30/08/2021;Fellfield;100;98;98;0;0;0;0;0;0;NA;NA;NA;NA
Androsace villosa;Temperate;Primulaceae;300821-03;300821-03;0.85;30/08/2021;Snowbed;100;99;99;0;0;0;0;0;0;NA;NA;NA;NA
Androsace villosa;Temperate;Primulaceae;310821-11;310821-11;0.85;31/08/2021;Fellfield;100;90;90;0;0;0;0;0;0;NA;NA;NA;NA
Androsace villosa;Temperate;Primulaceae;310821-11;310821-11;0.85;31/08/2021;Snowbed;100;87;87;2;2.3;0;0;2.3;0;NA;NA;0.0032;NA
Anthyllis vulneraria;Temperate;Fabaceae;300821-04;300821-04;2.71;30/08/2021;Fellfield;100;13;13;1;7.69;7.69;0;0;0;NA;NA;0.0625;NA
Anthyllis vulneraria;Temperate;Fabaceae;300821-04;300821-04;2.71;30/08/2021;Snowbed;100;35;35;2;5.71;5.71;0;0;0;NA;NA;0.0625;NA
Anthyllis vulneraria;Temperate;Fabaceae;300821-04;300821-04b;2.71;30/08/2021;Fellfield;50;44;88;0;0;0;0;0;0;NA;NA;NA;NA
Anthyllis vulneraria;Temperate;Fabaceae;300821-04;300821-04b;2.71;30/08/2021;Snowbed;49;32;65.31;1;3.12;0;3.12;0;3.12;NA;NA;0.004291845;NA
Anthyllis vulneraria;Temperate;Fabaceae;310821-12;310821-12;2.71;31/08/2021;Fellfield;100;24;24;2;8.33;4.17;0;4.17;0;NA;NA;0.006451613;0
Anthyllis vulneraria;Temperate;Fabaceae;310821-12;310821-12;2.71;31/08/2021;Snowbed;100;40;40;0;0;0;0;0;0;NA;NA;NA;NA
Anthyllis vulneraria;Temperate;Fabaceae;310821-12;310821-12b;2.71;31/08/2021;Fellfield;50;46;92;1;2.17;0;2.17;0;0;NA;NA;0.004926108;Na
Anthyllis vulneraria;Temperate;Fabaceae;310821-12;310821-12b;2.71;31/08/2021;Snowbed;50;41;82;0;0;0;0;0;0;NA;NA;NA;Na
Arenaria erinacea;Temperate;Caryophyllaceae;300821-08;300821-08;0.16;30/08/2021;Fellfield;99;97;97.98;22;22.68;22.68;0;0;0;NA;NA;0.0403;0.357
Arenaria erinacea;Temperate;Caryophyllaceae;300821-08;300821-08;0.16;30/08/2021;Snowbed;100;97;97;3;3.09;2.06;0;1.03;0;NA;NA;0.0299;NA
Arenaria moehringioides;Temperate;Caryophyllaceae;140921-02;140921-02;0.04;14/09/2021;Fellfield;60;52;86.67;24;46.15;3.85;36.54;5.77;0;272;1082.5;0.00521;0.137
Arenaria moehringioides;Temperate;Caryophyllaceae;140921-02;140921-02;0.04;14/09/2021;Snowbed;60;44;73.33;16;36.36;0;18.18;18.18;18.18;294;792;0.00402;0.194
Armeria cantabrica;Temperate;Plumbaginaceae;130921-15;130921-15;1.37;13/09/2021;Fellfield;91;71;78.02;66;92.96;1.41;36.62;54.93;0;251.9041667;836.375;0.00386;0.156
Armeria cantabrica;Temperate;Plumbaginaceae;130921-15;130921-15;1.37;13/09/2021;Snowbed;97;78;80.41;74;94.87;0;16.67;78.21;15.38;274.0069444;567;0.00356;0.17
Armeria cantabrica;Temperate;Plumbaginaceae;140921-07;140921-07;1.37;14/09/2021;Fellfield;11;4;36.36;4;100;0;75;25;0;224.5;472;0.00411;0.167
Armeria cantabrica;Temperate;Plumbaginaceae;140921-07;140921-07;1.37;14/09/2021;Snowbed;11;3;27.27;3;100;0;0;100;0;282;626.5;0.0035;0
Armeria duriaei;Mediterranean;Plumbaginaceae;240821-01;240821-01;0.88;24/08/2021;Fellfield;100;88;88;88;100;100;0;0;0;7.527402746;105.5;0.0632;0.872
Armeria duriaei;Mediterranean;Plumbaginaceae;240821-01;240821-01;0.88;24/08/2021;Snowbed;100;88;88;87;98.86;93.18;0;5.68;0;12.87441725;124.75;0.0408;0.657
Armeria duriaei;Mediterranean;Plumbaginaceae;240821-01;240821-01b;0.88;24/08/2021;Fellfield;50;46;92;46;100;50;21.74;28.26;19.57;58.953125;106.5;0.00597;0.314
Armeria duriaei;Mediterranean;Plumbaginaceae;240821-01;240821-01b;0.88;24/08/2021;Snowbed;50;45;90;45;100;0;4.44;95.56;2.22;311.75;1186.75;0.00284;0.183
Armeria duriaei;Mediterranean;Plumbaginaceae;250821-01;250821-01;0.88;25/08/2021;Fellfield;99;82;82.83;82;100;98.78;0;1.22;0;7.062280702;84.25;0.041;0.75
Armeria duriaei;Mediterranean;Plumbaginaceae;250821-01;250821-01;0.88;25/08/2021;Snowbed;99;84;84.85;83;98.81;94.05;2.38;2.38;2.38;17.53882576;137.125;0.0246;0.541
Armeria duriaei;Mediterranean;Plumbaginaceae;250821-01;250821-01b;0.88;25/08/2021;Fellfield;50;45;90;39;86.67;35.56;4.44;46.67;4.44;306.375;1797.5;0.00431;0.246
Armeria duriaei;Mediterranean;Plumbaginaceae;250821-01;250821-01b;0.88;25/08/2021;Snowbed;50;48;96;30;62.5;0;0;62.5;0;319.7727273;1293.5;0.00282;0.235
Carex sempervirens;Temperate;Cyperaceae;130921-02;130921-02;5.44;13/09/2021;Fellfield;99;66;66.67;65;98.48;0;89.39;9.09;0;241.8833333;663;0.00397;0.394
Carex sempervirens;Temperate;Cyperaceae;130921-02;130921-02;5.44;13/09/2021;Snowbed;90;73;81.11;72;98.63;0;0;98.63;0;281.925;546.75;0.00344;0.482
Carex sempervirens;Temperate;Cyperaceae;310821-13;310821-13;5.44;31/08/2021;Fellfield;100;90;90;90;100;0;93.33;6.67;0;247.8291667;725;0.00397;0.232
Carex sempervirens;Temperate;Cyperaceae;310821-13;310821-13;5.44;31/08/2021;Snowbed;99;86;86.87;86;100;0;0;100;0;283.8737041;549.875;0.00348;0.705
Cerastium ramosissimum;Mediterranean;Caryophyllaceae;150721-05;150721-05;0.04;15/07/2021;Fellfield;100;95;95;20;21.05;21.05;0;0;0;NA;NA;0.0143;1
Cerastium ramosissimum;Mediterranean;Caryophyllaceae;150721-05;150721-05;0.04;15/07/2021;Snowbed;100;98;98;20;20.41;20.41;0;0;0;NA;NA;0.014;0.7
Cerastium ramosissimum;Mediterranean;Caryophyllaceae;280721-02;280721-02;0.04;28/07/2021;Fellfield;100;88;88;74;84.09;82.95;0;1.14;0;48.83081232;800.25;0.016;0.613
Cerastium ramosissimum;Mediterranean;Caryophyllaceae;280721-02;280721-02;0.04;28/07/2021;Snowbed;100;86;86;75;87.21;87.21;0;0;0;48.04311869;755.625;0.0175;0.488
Cerastium ramosissimum;Mediterranean;Caryophyllaceae;280721-02;280721-02b;0.04;28/07/2021;Fellfield;50;46;92;40;86.96;86.96;0;0;0;11.55284043;73;0.00971;1
Cerastium ramosissimum;Mediterranean;Caryophyllaceae;280721-02;280721-02b;0.04;28/07/2021;Snowbed;50;50;100;30;60;60;0;0;0;17.00367647;53.25;0.00971;1
Conopodium majus;Mediterranean;Apiaceae;240821-03;240821-03;0.33;24/08/2021;Fellfield;99;28;28.28;27;96.43;0;96.43;0;0;212.5916667;590.375;0.00461;0.412
Conopodium majus;Mediterranean;Apiaceae;240821-03;240821-03;0.33;24/08/2021;Snowbed;100;53;53;53;100;0;98.11;1.89;98.11;242.5089286;393.5;0.0041;0.967
Conopodium majus;Mediterranean;Apiaceae;240821-03;240821-03b;0.33;24/08/2021;Fellfield;50;42;84;39;92.86;0;92.86;0;33.33;152.849359;70.75;0.0047;0.467
Conopodium majus;Mediterranean;Apiaceae;240821-03;240821-03b;0.33;24/08/2021;Snowbed;50;46;92;45;97.83;0;97.83;0;97.83;109.5095109;56;0.0041;1
Conopodium majus;Mediterranean;Apiaceae;250821-04;250821-04;0.33;25/08/2021;Fellfield;100;56;56;56;100;0;100;0;0;202.6166667;479;0.00468;0.943
Conopodium majus;Mediterranean;Apiaceae;250821-04;250821-04;0.33;25/08/2021;Snowbed;100;64;64;63;98.44;0;98.44;0;98.44;235.5083333;315;0.00412;1
Dethawia splendens;Temperate;Apiaceae;310821-07;310821-07;0.18;31/08/2021;Fellfield;79;59;74.68;56;94.92;0;94.92;0;0;212.93125;457.625;0.00461;0.237
Dethawia splendens;Temperate;Apiaceae;310821-07;310821-07;0.18;31/08/2021;Snowbed;76;49;64.47;49;100;0;97.96;2.04;91.84;230.4323427;251.875;0.00428;0.596
Dianthus langeanus;Mediterranean;Caryophyllaceae;110821-01;110821-01;3.79;11/08/2021;Fellfield;100;99;99;99;100;98.99;1.01;0;0;3.706715839;58;0.0982;0.757
Dianthus langeanus;Mediterranean;Caryophyllaceae;110821-01;110821-01;3.79;11/08/2021;Snowbed;100;95;95;95;100;100;0;0;0;3.270833333;47;0.132;0.871
Dianthus langeanus;Mediterranean;Caryophyllaceae;110821-01;110821-01b;3.79;11/08/2021;Fellfield;50;50;100;50;100;90;10;0;2;11.2734375;73;0.124;0.822
Dianthus langeanus;Mediterranean;Caryophyllaceae;110821-01;110821-01b;3.79;11/08/2021;Snowbed;50;49;98;49;100;2.04;97.96;0;61.22;174.1488782;73;0.0389;0.391
Dianthus langeanus;Mediterranean;Caryophyllaceae;120821-02;120821-02;3.79;12/08/2021;Fellfield;100;99;99;99;100;100;0;0;0;3.715710812;54;0.0981;0.725
Dianthus langeanus;Mediterranean;Caryophyllaceae;120821-02;120821-02;3.79;12/08/2021;Snowbed;100;97;97;97;100;94.85;5.15;0;5.15;7.501190476;93.5;0.0555;0.522
Dianthus langeanus;Mediterranean;Caryophyllaceae;120821-02;120821-02b;3.79;12/08/2021;Fellfield;49;48;97.96;48;100;72.92;27.08;0;2.08;13.73771106;83;0.00902;0.542
Dianthus langeanus;Mediterranean;Caryophyllaceae;120821-02;120821-02b;3.79;12/08/2021;Snowbed;50;49;98;49;100;8.16;89.8;2.04;46.94;175.4079098;80.75;0.00406;0.338
Erigeron alpinus;Temperate;Asteraceae;310821-15;310821-15;0.04;31/08/2021;Fellfield;100;98;98;98;100;0;100;0;0;219.75;463.875;0.00448;0.291
Erigeron alpinus;Temperate;Asteraceae;310821-15;310821-15;0.04;31/08/2021;Snowbed;100;99;99;99;100;0;41.41;58.59;3.03;261.6426471;325.125;0.00377;0.411
Euphrasia salisburgensis;Temperate;Orobanchaceae;011021-01;011021-01;0.04;01/10/2021;Fellfield;100;100;100;1;1;0;1;0;0;NA;NA;0.004950495;NA
Euphrasia salisburgensis;Temperate;Orobanchaceae;011021-01;011021-01;0.04;01/10/2021;Snowbed;100;100;100;1;1;0;1;0;1;NA;NA;0.004739336;NA
Euphrasia salisburgensis;Temperate;Orobanchaceae;300921-01;300921-01;0.04;30/09/2021;Fellfield;100;96;96;2;2.08;0;0;2.08;0;NA;NA;0.002932551;NA
Euphrasia salisburgensis;Temperate;Orobanchaceae;300921-01;300921-01;0.04;30/09/2021;Snowbed;100;99;99;0;0;0;0;0;0;NA;NA;NA;NA
Festuca hystrix;Temperate;Poaceae;130921-16;130921-16;0.43;13/09/2021;Fellfield;20;17;85;17;100;94.12;5.88;0;0;19.52083333;169.5;0.0187;0.772
Festuca hystrix;Temperate;Poaceae;130921-16;130921-16;0.43;13/09/2021;Snowbed;20;19;95;14;73.68;42.11;15.79;15.79;15.79;217;161;0.0695;0.341
Festuca hystrix;Temperate;Poaceae;300821-01;300821-01;0.43;30/08/2021;Fellfield;14;8;57.14;8;100;100;0;0;0;10.66666667;120;0.0482;0.571
Festuca hystrix;Temperate;Poaceae;300821-01;300821-01;0.43;30/08/2021;Snowbed;14;4;28.57;4;100;100;0;0;0;28.66666667;195;0.0261;0.5
Festuca rubra;Temperate;Poaceae;310821-02;310821-02;2.12;31/08/2021;Fellfield;25;1;4;1;100;0;100;0;0;239.5;648;0.004115226;NA
Festuca summilusitana;Mediterranean;Poaceae;240821-02;240821-02;20.26;24/08/2021;Fellfield;100;59;59;59;100;100;0;0;0;14.32756133;174.75;0.0417;0.492
Festuca summilusitana;Mediterranean;Poaceae;240821-02;240821-02;20.26;24/08/2021;Snowbed;99;59;59.6;59;100;98.31;1.69;0;1.69;22.23755656;180;0.0294;0.69
Festuca summilusitana;Mediterranean;Poaceae;240821-02;240821-02b;20.26;24/08/2021;Fellfield;50;43;86;42;97.67;11.63;81.4;4.65;74.42;97.06912112;129;0.00522;0.578
Festuca summilusitana;Mediterranean;Poaceae;240821-02;240821-02b;20.26;24/08/2021;Snowbed;50;41;82;35;85.37;0;75.61;9.76;75.61;141.3092174;73;0.00398;0.779
Festuca summilusitana;Mediterranean;Poaceae;250821-02;250821-02;20.26;25/08/2021;Fellfield;100;42;42;42;100;100;0;0;0;22.47727273;264.375;0.0289;0.6
Festuca summilusitana;Mediterranean;Poaceae;250821-02;250821-02;20.26;25/08/2021;Snowbed;98;48;48.98;48;100;91.67;2.08;6.25;2.08;24.03084416;184.5;0.0184;0.623
Festuca summilusitana;Mediterranean;Poaceae;250821-02;250821-02b;20.26;25/08/2021;Fellfield;50;39;78;35;89.74;2.56;79.49;7.69;76.92;109.4326389;115;0.00479;0.745
Festuca summilusitana;Mediterranean;Poaceae;250821-02;250821-02b;20.26;25/08/2021;Snowbed;50;39;78;33;84.62;0;74.36;10.26;74.36;142.449504;73;0.00396;0.765
Gentiana verna;Temperate;Gentianaceae;130921-06;130921-06;0.1;13/09/2021;Fellfield;100;56;56;9;16.07;0;16.07;0;0;NA;NA;0.00453;0.55
Gentiana verna;Temperate;Gentianaceae;130921-06;130921-06;0.1;13/09/2021;Snowbed;98;68;69.39;11;16.18;0;14.71;1.47;13.24;NA;NA;0.0042;0.5
Gentiana verna;Temperate;Gentianaceae;140921-06;140921-06;0.1;14/09/2021;Fellfield;99;75;75.76;1;1.33;0;1.33;0;0;NA;NA;0.004219409;NA
Gentiana verna;Temperate;Gentianaceae;140921-06;140921-06;0.1;14/09/2021;Snowbed;100;78;78;1;1.28;0;1.28;0;1.28;NA;NA;0.004444444;NA
Gentianella campestris;Temperate;Gentianaceae;300921-03;300921-03;0.01;30/09/2021;Fellfield;100;97;97;0;0;0;0;0;0;NA;NA;NA;NA
Gentianella campestris;Temperate;Gentianaceae;300921-03;300921-03;0.01;30/09/2021;Snowbed;100;100;100;0;0;0;0;0;0;NA;NA;NA;NA
Gypsophila repens;Temperate;Caryophyllaceae;300821-10;300821-10;0.32;30/08/2021;Fellfield;98;58;59.18;54;93.1;20.69;63.79;8.62;0;234.0625;600.125;0.00517;0.179
Gypsophila repens;Temperate;Caryophyllaceae;300821-10;300821-10;0.32;30/08/2021;Snowbed;98;73;74.49;73;100;0;0;100;0;286.5925245;580;0.00345;0.542
Gypsophila repens;Temperate;Caryophyllaceae;310821-08;310821-08;0.32;31/08/2021;Fellfield;100;92;92;91;98.91;14.13;77.17;7.61;0;226.4583333;531.875;0.00488;0.267
Gypsophila repens;Temperate;Caryophyllaceae;310821-08;310821-08;0.32;31/08/2021;Snowbed;100;95;95;92;96.84;2.11;6.32;88.42;4.21;277.0348402;466.25;0.00361;0.25
Helianthemum canum;Temperate;Cistaceae;300821-05;300821-05;2.29;30/08/2021;Fellfield;100;87;87;35;40.23;26.44;10.34;3.45;0;279;1245;0.0106;0.327
Helianthemum canum;Temperate;Cistaceae;300821-05;300821-05;2.29;30/08/2021;Snowbed;100;77;77;24;31.17;15.58;3.9;11.69;0;NA;NA;0.00663;0.1
Helianthemum canum;Temperate;Cistaceae;310821-05;310821-05;2.29;31/08/2021;Fellfield;100;78;78;14;17.95;11.54;1.28;5.13;0;NA;NA;0.0242;0.325
Helianthemum canum;Temperate;Cistaceae;310821-05;310821-05;2.29;31/08/2021;Snowbed;100;82;82;10;12.2;4.88;4.88;2.44;3.66;NA;NA;0.0079;0.233
Helianthemum urrielense;Temperate;Cistaceae;130921-05;130921-05;2.48;13/09/2021;Fellfield;100;16;16;6;37.5;31.25;0;6.25;0;15;161;0.0198;0.5
Helianthemum urrielense;Temperate;Cistaceae;130921-05;130921-05;2.48;13/09/2021;Snowbed;99;10;10.1;5;50;50;0;0;0;16;105.5;0.0667;1
Helianthemum urrielense;Temperate;Cistaceae;130921-05;130921-05b;2.48;13/09/2021;Fellfield;50;32;64;26;81.25;0;65.62;15.62;21.88;190.8;234.75;0.00456;0.217
Helianthemum urrielense;Temperate;Cistaceae;130921-05;130921-05b;2.48;13/09/2021;Snowbed;50;32;64;28;87.5;0;65.62;21.88;62.5;159.1146886;49;0.00408;0.499
Helianthemum urrielense;Temperate;Cistaceae;140921-04;140921-04;2.48;14/09/2021;Fellfield;98;9;9.18;9;100;100;0;0;0;11.63020833;109.625;0.341;0.15
Helianthemum urrielense;Temperate;Cistaceae;140921-04;140921-04;2.48;14/09/2021;Snowbed;100;7;7;7;100;100;0;0;0;13.51041667;76.5;0.0294;1
Helianthemum urrielense;Temperate;Cistaceae;140921-04;140921-04b;2.48;14/09/2021;Fellfield;50;4;8;3;75;75;0;0;0;10.53125;56.25;0.238;1
Helianthemum urrielense;Temperate;Cistaceae;140921-04;140921-04b;2.48;14/09/2021;Snowbed;25;3;12;3;100;0;100;0;100;105.5208333;49;0.00444;1
Helictochloa marginata;Mediterranean;Poaceae;240821-06;240821-06;0.41;24/08/2021;Fellfield;30;4;13.33;4;100;25;75;0;0;142.75;582.25;0.00541;0.5
Helictochloa marginata;Mediterranean;Poaceae;240821-06;240821-06;0.41;24/08/2021;Snowbed;30;5;16.67;5;100;20;20;60;20;165.6770833;432.5;0.00358;0.5
Helictotrichon sedenense;Temperate;Poaceae;300821-09;300821-09;1.04;30/08/2021;Fellfield;93;14;15.05;14;100;7.14;92.86;0;0;229.5625;568.25;0.00471;0.5
Helictotrichon sedenense;Temperate;Poaceae;300821-09;300821-09;1.04;30/08/2021;Snowbed;94;20;21.28;20;100;0;85;15;85;231.58125;277;0.00419;0.769
Iberis carnosa;Temperate;Brassicaceae;130921-12;130921-12;0.09;13/09/2021;Fellfield;100;94;94;86;91.49;76.6;2.13;12.77;0;9.562956871;97.75;0.0185;0.647
Iberis carnosa;Temperate;Brassicaceae;130921-12;130921-12;0.09;13/09/2021;Snowbed;100;91;91;90;98.9;16.48;0;82.42;0;311.6736111;1005.875;0.00375;0.154
Iberis carnosa;Temperate;Brassicaceae;130921-12;130921-12b;0.09;13/09/2021;Fellfield;25;25;100;20;80;0;4;76;4;265.75;1151.5;0.00346;0.0842
Jasione cavanillesii;Temperate;Campanulaceae;130921-14;130921-14;0.04;13/09/2021;Fellfield;60;35;58.33;20;57.14;0;54.29;2.86;0;226.25;491.5;0.00445;0.0995
Jasione cavanillesii;Temperate;Campanulaceae;130921-14;130921-14;0.04;13/09/2021;Snowbed;60;31;51.67;15;48.39;0;3.23;45.16;0;272.2916667;474.25;0.00371;0.289
Jasione cavanillesii;Temperate;Campanulaceae;140921-05;140921-05;0.04;14/09/2021;Fellfield;45;28;62.22;0;0;0;0;0;0;NA;NA;NA;NA
Jasione cavanillesii;Temperate;Campanulaceae;140921-05;140921-05;0.04;14/09/2021;Snowbed;45;16;35.56;1;6.25;0;0;6.25;0;NA;NA;0.003289474;NA
Jurinea humilis;Mediterranean;Asteraceae;110821-06;110821-06;0.41;11/08/2021;Fellfield;65;16;24.62;16;100;75;25;0;0;9.4875;141.5;0.021;0.244
Jurinea humilis;Mediterranean;Asteraceae;110821-06;110821-06;0.41;11/08/2021;Snowbed;50;10;20;10;100;0;100;0;100;246.5;445.5;0.00405;1
Jurinea humilis;Mediterranean;Asteraceae;110821-06;110821-06b;0.41;11/08/2021;Fellfield;35;33;94.29;31;93.94;0;84.85;9.09;0;178.1875;133;0.00421;0.227
Jurinea humilis;Mediterranean;Asteraceae;110821-06;110821-06b;0.41;11/08/2021;Snowbed;25;20;80;20;100;0;85;15;70;178.2877604;62.75;0.00381;0.319
Jurinea humilis;Mediterranean;Asteraceae;120821-03;120821-03;0.41;12/08/2021;Fellfield;73;18;24.66;18;100;88.89;11.11;0;0;9.933333333;141;0.037;0.357
Jurinea humilis;Mediterranean;Asteraceae;120821-03;120821-03;0.41;12/08/2021;Snowbed;23;1;4.35;1;100;0;100;0;100;246.5;445.5;0.004048583;NA
Jurinea humilis;Mediterranean;Asteraceae;120821-03;120821-03b;0.41;12/08/2021;Fellfield;44;36;81.82;36;100;0;97.22;2.78;0;168.3529412;92.5;0.00445;0.2
Jurinea humilis;Mediterranean;Asteraceae;120821-03;120821-03b;0.41;12/08/2021;Snowbed;36;30;83.33;30;100;0;100;0;60;211.3333333;63.5;0.00379;0.277
Jurinea humilis;Temperate;Asteraceae;310821-01;310821-01;0.27;31/08/2021;Fellfield;50;7;14;7;100;42.86;57.14;0;0;119.5833333;376.25;0.0732;0.25
Jurinea humilis;Temperate;Asteraceae;310821-01;310821-01;0.27;31/08/2021;Snowbed;100;30;30;30;100;0;100;0;100;230.5;268.5;0.00405;1
Jurinea humilis;Temperate;Asteraceae;310821-01;310821-01b;0.27;31/08/2021;Fellfield;24;15;62.5;15;100;0;100;0;0;171.7833333;96;0.0044;0.524
Jurinea humilis;Temperate;Asteraceae;310821-01;310821-01b;0.27;31/08/2021;Snowbed;27;18;66.67;18;100;0;94.44;5.56;77.78;152.5672619;49;0.00392;0.441
Kobresia myosuroides;Temperate;Cyperaceae;130921-03;130921-03;0.01;13/09/2021;Fellfield;100;39;39;0;0;0;0;0;0;NA;NA;NA;NA
Kobresia myosuroides;Temperate;Cyperaceae;130921-03;130921-03;0.01;13/09/2021;Snowbed;100;26;26;0;0;0;0;0;0;NA;NA;NA;NA
Kobresia myosuroides;Temperate;Cyperaceae;130921-03;130921-03b;0.01;13/09/2021;Fellfield;50;45;90;0;0;0;0;0;0;NA;NA;NA;NA
Kobresia myosuroides;Temperate;Cyperaceae;130921-03;130921-03b;0.01;13/09/2021;Snowbed;50;47;94;0;0;0;0;0;0;NA;NA;NA;NA
Koeleria vallesiana;Temperate;Poaceae;300821-02;300821-02;1.76;30/08/2021;Fellfield;100;80;80;80;100;100;0;0;0;8.222222222;97;0.0608;0.953
Koeleria vallesiana;Temperate;Poaceae;300821-02;300821-02;1.76;30/08/2021;Snowbed;100;49;49;48;97.96;83.67;12.24;2.04;12.24;28.82094017;196.125;0.0156;0.543
Koeleria vallesiana;Temperate;Poaceae;300821-02;300821-02b;1.76;30/08/2021;Fellfield;50;47;94;44;93.62;2.13;85.11;6.38;65.96;119.2874566;51;0.00485;0.49
Koeleria vallesiana;Temperate;Poaceae;300821-02;300821-02b;1.76;30/08/2021;Snowbed;50;46;92;43;93.48;0;80.43;13.04;76.09;140.8056548;49;0.00413;0.63
Koeleria vallesiana;Temperate;Poaceae;310821-09;310821-09;1.76;31/08/2021;Fellfield;99;66;66.67;66;100;100;0;0;0;16.04444444;167;0.0334;0.529
Koeleria vallesiana;Temperate;Poaceae;310821-09;310821-09;1.76;31/08/2021;Snowbed;99;69;69.7;69;100;81.16;10.14;8.7;10.14;31.23541667;175.75;0.0133;0.385
Koeleria vallesiana;Temperate;Poaceae;310821-09;310821-09b;1.76;31/08/2021;Fellfield;50;45;90;44;97.78;0;93.33;4.44;64.44;125.5569444;39;0.00473;0.456
Koeleria vallesiana;Temperate;Poaceae;310821-09;310821-09b;1.76;31/08/2021;Snowbed;49;44;89.8;43;97.73;0;43.18;54.55;38.64;221.2;134;0.00377;0.141
Luzula caespitosa;Mediterranean;Juncaceae;110821-03;110821-03;15.35;11/08/2021;Fellfield;100;31;31;27;87.1;70.97;9.68;6.45;0;32.82142857;416;0.014;0.456
Luzula caespitosa;Mediterranean;Juncaceae;110821-03;110821-03;15.35;11/08/2021;Snowbed;100;25;25;23;92;0;92;0;92;245.5669643;432.5;0.00406;0.938
Luzula caespitosa;Mediterranean;Juncaceae;110821-03;110821-03b;15.35;11/08/2021;Fellfield;50;50;100;15;30;0;28;2;0;168.6923077;91.5;0.00446;0.743
Luzula caespitosa;Mediterranean;Juncaceae;110821-03;110821-03b;15.35;11/08/2021;Snowbed;50;47;94;45;95.74;0;93.62;2.13;91.49;116.1341315;56;0.00401;0.911
Luzula caespitosa;Mediterranean;Juncaceae;120821-04;120821-04;15.35;12/08/2021;Fellfield;100;32;32;30;93.75;37.5;50;6.25;6.25;171.8819444;613.125;0.00636;0.396
Luzula caespitosa;Mediterranean;Juncaceae;120821-04;120821-04;15.35;12/08/2021;Snowbed;100;47;47;47;100;0;97.87;2.13;97.87;245.53125;432.5;0.00404;0.906
Luzula caespitosa;Mediterranean;Juncaceae;120821-04;120821-04b;15.35;12/08/2021;Fellfield;50;41;82;33;80.49;0;58.54;21.95;0;216.25;589;0.00388;0.237
Luzula caespitosa;Mediterranean;Juncaceae;120821-04;120821-04b;15.35;12/08/2021;Snowbed;50;47;94;42;89.36;0;87.23;2.13;80.85;136.1080729;56;0.00397;0.731
Minuartia CF;Temperate;Caryophyllaceae;310821-10;310821-10;NA;31/08/2021;Fellfield;100;99;99;44;44.44;25.25;14.14;5.05;0;227;534;0.00834;0.269
Minuartia CF;Temperate;Caryophyllaceae;310821-10;310821-10;NA;31/08/2021;Snowbed;100;100;100;14;14;0;3;11;1;NA;NA;0.0034;0.108
Minuartia recurva;Mediterranean;Caryophyllaceae;110821-07;110821-07;0.37;11/08/2021;Fellfield;100;92;92;92;100;100;0;0;0;8.397321429;125;0.0479;0.484
Minuartia recurva;Mediterranean;Caryophyllaceae;110821-07;110821-07;0.37;11/08/2021;Snowbed;100;88;88;88;100;71.59;28.41;0;1.14;23.53139569;256.25;0.0103;0.357
Minuartia recurva;Mediterranean;Caryophyllaceae;110821-07;110821-07b;0.37;11/08/2021;Fellfield;49;45;91.84;45;100;2.22;97.78;0;0;177.0568182;136.75;0.0042;0.379
Minuartia recurva;Mediterranean;Caryophyllaceae;110821-07;110821-07b;0.37;11/08/2021;Snowbed;50;47;94;47;100;0;97.87;2.13;19.15;220.4495192;89.5;0.00366;0.42
Minuartia recurva;Mediterranean;Caryophyllaceae;120821-01;120821-01;0.37;12/08/2021;Fellfield;100;97;97;97;100;98.97;1.03;0;0;3.644736842;50;0.0815;0.7
Minuartia recurva;Mediterranean;Caryophyllaceae;120821-01;120821-01;0.37;12/08/2021;Snowbed;100;94;94;94;100;88.3;11.7;0;3.19;4.566964286;63.25;0.0333;0.489
Minuartia recurva;Mediterranean;Caryophyllaceae;120821-01;120821-01b;0.37;12/08/2021;Fellfield;50;46;92;46;100;4.35;95.65;0;2.17;170.5384615;116.25;0.00462;0.0474
Minuartia recurva;Mediterranean;Caryophyllaceae;120821-01;120821-01b;0.37;12/08/2021;Snowbed;50;44;88;41;93.18;2.27;90.91;0;27.27;220.2666667;90.5;0.00378;0.313
Minuartia verna;Temperate;Caryophyllaceae;300821-06;300821-06;0.26;30/08/2021;Fellfield;100;94;94;40;42.55;41.49;0;1.06;0;NA;NA;0.0426;0.572
Minuartia verna;Temperate;Caryophyllaceae;300821-06;300821-06;0.26;30/08/2021;Snowbed;100;95;95;12;12.63;8.42;1.05;3.16;0;NA;NA;0.00747;0.2
Neochischkinia truncatula;Mediterranean;Poaceae;240821-07;240821-07;0.58;24/08/2021;Fellfield;100;96;96;93;96.88;96.88;0;0;0;6.795454545;82.625;0.0757;0.978
Neochischkinia truncatula;Mediterranean;Poaceae;240821-07;240821-07;0.58;24/08/2021;Snowbed;100;91;91;84;92.31;92.31;0;0;0;7.444862155;65.5;0.0718;0.907
Neochischkinia truncatula;Mediterranean;Poaceae;240821-07;240821-07b;0.58;24/08/2021;Fellfield;50;50;100;41;82;76;6;0;6;13.18530702;83;0.0158;0.877
Neochischkinia truncatula;Mediterranean;Poaceae;240821-07;240821-07b;0.58;24/08/2021;Snowbed;50;48;96;18;37.5;14.58;22.92;0;20.83;NA;NA;0.00591;0.394
Neochischkinia truncatula;Mediterranean;Poaceae;250821-03;250821-03;0.58;25/08/2021;Fellfield;100;85;85;78;91.76;90.59;0;1.18;0;6.81910659;84.25;0.0648;0.931
Neochischkinia truncatula;Mediterranean;Poaceae;250821-03;250821-03;0.58;25/08/2021;Snowbed;97;83;85.57;73;87.95;86.75;0;1.2;0;10.13723776;86.125;0.0475;0.542
Neochischkinia truncatula;Mediterranean;Poaceae;250821-03;250821-03b;0.58;25/08/2021;Fellfield;50;48;96;17;35.42;35.42;0;0;0;NA;NA;0.0182;1
Neochischkinia truncatula;Mediterranean;Poaceae;250821-03;250821-03b;0.58;25/08/2021;Snowbed;50;43;86;3;6.98;2.33;2.33;2.33;0;NA;NA;0.00493;0
Pedicularis pyrenaica;Temperate;Orobanchaceae;130921-04;130921-04;0.09;13/09/2021;Fellfield;100;42;42;22;52.38;0;52.38;0;0;203.6666667;378.3333333;0.0048;0.363
Pedicularis pyrenaica;Temperate;Orobanchaceae;130921-04;130921-04;0.09;13/09/2021;Snowbed;100;58;58;24;41.38;0;36.21;5.17;36.21;249.45;334;0.00423;0.699
Pedicularis pyrenaica;Temperate;Orobanchaceae;310821-04;310821-04;0.09;31/08/2021;Fellfield;100;77;77;23;29.87;0;29.87;0;0;NA;NA;0.0046;0.257
Pedicularis pyrenaica;Temperate;Orobanchaceae;310821-04;310821-04;0.09;31/08/2021;Snowbed;100;90;90;21;23.33;0;22.22;1.11;22.22;NA;NA;0.00431;0.844
Phalacrocarpum oppositifolium;Mediterranean;Asteraceae;110821-02;110821-02;0.71;11/08/2021;Fellfield;100;69;69;68;98.55;94.2;4.35;0;0;31.27586806;381.625;0.0216;0.419
Phalacrocarpum oppositifolium;Mediterranean;Asteraceae;110821-02;110821-02;0.71;11/08/2021;Snowbed;100;61;61;61;100;90.16;9.84;0;9.84;29.28945313;240.625;0.0272;0.582
Phalacrocarpum oppositifolium;Mediterranean;Asteraceae;120821-05;120821-05;0.71;12/08/2021;Fellfield;24;7;29.17;6;85.71;71.43;14.29;0;14.29;49.27604167;521.75;0.15;0.167
Phalacrocarpum oppositifolium;Mediterranean;Asteraceae;120821-05;120821-05;0.71;12/08/2021;Snowbed;24;17;70.83;17;100;64.71;35.29;0;35.29;134.9196429;316.5;0.0097;0.411
Phalacrocarpum oppositifolium;Mediterranean;Asteraceae;240821-05;240821-05b;0.71;24/08/2021;Fellfield;25;23;92;18;78.26;17.39;52.17;8.7;30.43;183.5;164;0.00502;0.196
Phalacrocarpum oppositifolium;Mediterranean;Asteraceae;240821-05;240821-05b;0.71;24/08/2021;Snowbed;24;22;91.67;22;100;0;100;0;100;111.5208333;73;0.0041;1
Phalacrocarpum oppositifolium;Mediterranean;Asteraceae;250821-05;250821-05b;0.71;25/08/2021;Fellfield;50;35;70;20;57.14;0;57.14;0;22.86;172.2;120.5;0.00459;0.272
Phalacrocarpum oppositifolium;Mediterranean;Asteraceae;250821-05;250821-05b;0.71;25/08/2021;Snowbed;45;26;57.78;26;100;0;96.15;3.85;96.15;105.6581439;43;0.00406;0.917
Phyteuma hemisphaericum;Mediterranean;Campanulaceae;240821-10;240821-10;0.21;24/08/2021;Fellfield;99;77;77.78;18;23.38;1.3;20.78;1.3;0;NA;NA;0.00437;0.245
Phyteuma hemisphaericum;Mediterranean;Campanulaceae;240821-10;240821-10;0.21;24/08/2021;Snowbed;93;74;79.57;31;41.89;1.35;17.57;22.97;6.76;284.5;547;0.00377;0.204
Phyteuma hemisphaericum;Mediterranean;Campanulaceae;250821-07;250821-07;0.21;25/08/2021;Fellfield;100;83;83;33;39.76;0;37.35;2.41;0;NA;NA;0.00427;0.218
Phyteuma hemisphaericum;Mediterranean;Campanulaceae;250821-07;250821-07;0.21;25/08/2021;Snowbed;99;89;89.9;24;26.97;0;17.98;8.99;1.12;NA;NA;0.00362;0.427
Phyteuma orbiculare;Temperate;Campanulaceae;300921-02;300921-02;0.19;30/09/2021;Fellfield;51;35;68.63;7;20;0;20;0;0;NA;NA;0.00463;1
Phyteuma orbiculare;Temperate;Campanulaceae;300921-02;300921-02;0.19;30/09/2021;Snowbed;47;28;59.57;10;35.71;0;17.86;17.86;17.86;NA;NA;0.00403;0.556
Plantago alpina;Temperate;Plantaginaceae;130921-08;130921-08;1.27;13/09/2021;Fellfield;60;54;90;54;100;12.96;87.04;0;0;194.6111111;300.5;0.00528;0.195
Plantago alpina;Temperate;Plantaginaceae;130921-08;130921-08;1.27;13/09/2021;Snowbed;60;46;76.67;45;97.83;2.17;89.13;6.52;63.04;231.8416667;181.1666667;0.00413;0.241
Plantago alpina;Temperate;Plantaginaceae;300821-15;300821-15;1.27;30/08/2021;Fellfield;100;90;90;90;100;38.89;60;1.11;0;157.4490385;368.25;0.00745;0.256
Plantago alpina;Temperate;Plantaginaceae;300821-15;300821-15;1.27;30/08/2021;Snowbed;100;96;96;96;100;0;97.92;2.08;68.75;237.25;269.5;0.00412;0.226
Plantago holosteum;Mediterranean;Plantaginaceae;240821-04;240821-04;0.36;24/08/2021;Fellfield;100;100;100;100;100;100;0;0;0;7;93.5;0.0714;1
Plantago holosteum;Mediterranean;Plantaginaceae;240821-04;240821-04;0.36;24/08/2021;Snowbed;100;100;100;100;100;100;0;0;0;7;67.5;0.0714;1
Plantago holosteum;Mediterranean;Plantaginaceae;240821-04;240821-04b;0.36;24/08/2021;Fellfield;50;50;100;50;100;100;0;0;0;10.02083333;68;0.0179;1
Plantago holosteum;Mediterranean;Plantaginaceae;240821-04;240821-04b;0.36;24/08/2021;Snowbed;50;47;94;45;95.74;70.21;25.53;0;14.89;14.31284467;46.75;0.00944;0.559
Plantago holosteum;Mediterranean;Plantaginaceae;250821-12;250821-12;0.36;25/08/2021;Fellfield;100;100;100;99;99;93;6;0;0;9.159337945;106.625;0.0304;0.881
Plantago holosteum;Mediterranean;Plantaginaceae;250821-12;250821-12;0.36;25/08/2021;Snowbed;100;100;100;98;98;87;8;3;1;9.795578063;75.375;0.0246;0.796
Plantago holosteum;Mediterranean;Plantaginaceae;250821-12;250821-12b;0.36;25/08/2021;Fellfield;50;49;98;45;91.84;67.35;24.49;0;14.29;10.53125;56;0.0104;0.55
Plantago holosteum;Mediterranean;Plantaginaceae;250821-12;250821-12b;0.36;25/08/2021;Snowbed;50;49;98;49;100;0;95.92;4.08;71.43;207.3317308;53.25;0.00395;0.285
Ranunculus carianthiacus;Temperate;Ranunculaceae;310821-16;310821-16;0.17;31/08/2021;Fellfield;15;15;100;4;26.67;0;0;26.67;0;NA;NA;0.003759398;1
Ranunculus carianthiacus;Temperate;Ranunculaceae;310821-16;310821-16;0.17;31/08/2021;Snowbed;15;15;100;0;0;0;0;0;0;NA;NA;NA;NA
Salix fontqueri;Temperate;Salicaceae;140921-01;140921-01;0.03;14/09/2021;Fellfield;5;5;100;0;0;0;0;0;0;NA;NA;NA;NA
Salix fontqueri;Temperate;Salicaceae;140921-01;140921-01;0.03;14/09/2021;Snowbed;5;5;100;0;0;0;0;0;0;NA;NA;NA;NA
Saxifraga conifera;Temperate;Saxifragaceae;130921-09;130921-09;0.81;13/09/2021;Fellfield;98;61;62.24;59;96.72;85.25;1.64;9.84;0;17.05026709;158.375;0.0268;0.4046
Saxifraga conifera;Temperate;Saxifragaceae;130921-09;130921-09;0.81;13/09/2021;Snowbed;100;58;58;41;70.69;5.17;0;65.52;0;327.9333333;1274.833333;0.00321;0.354
Saxifraga conifera;Temperate;Saxifragaceae;140921-08;140921-08;0.81;14/09/2021;Fellfield;59;31;52.54;27;87.1;48.39;0;38.71;0;108.0248016;518.6666667;0.00885;0.37
Saxifraga conifera;Temperate;Saxifragaceae;140921-08;140921-08;0.81;14/09/2021;Snowbed;60;39;65;27;69.23;7.69;0;61.54;0;327.5;1294.5;0.00371;0.283
Saxifraga paniculata;Temperate;Saxifragaceae;310821-14;310821-14;0.03;31/08/2021;Fellfield;100;97;97;94;96.91;0;96.91;0;0;222.0175886;499.875;0.00444;0.432
Saxifraga paniculata;Temperate;Saxifragaceae;310821-14;310821-14;0.03;31/08/2021;Snowbed;100;89;89;53;59.55;0;3.37;56.18;0;283.5198413;551.5;0.00358;0.302
Scilla verna;Temperate;Asparagaceae;310821-06;310821-06;0.04;31/08/2021;Fellfield;100;96;96;10;10.42;0;0;10.42;0;NA;NA;0.00278;1
Scilla verna;Temperate;Asparagaceae;310821-06;310821-06;0.04;31/08/2021;Snowbed;100;98;98;28;28.57;0;0;28.57;0;NA;NA;0.0028;0.507
Sedum album cf;Temperate;Crassulaceae;300821-14;300821-14;0.03;30/08/2021;Fellfield;100;97;97;0;0;0;0;0;0;NA;NA;NA;NA
Sedum album cf;Temperate;Crassulaceae;300821-14;300821-14;0.03;30/08/2021;Snowbed;100;94;94;0;0;0;0;0;0;NA;NA;NA;NA
Sedum anglicum;Mediterranean;Crassulaceae;240821-09;240821-09;0.08;24/08/2021;Fellfield;100;95;95;82;86.32;75.79;7.37;3.16;5.26;18.76423611;214.75;0.0274;0.386
Sedum anglicum;Mediterranean;Crassulaceae;240821-09;240821-09;0.08;24/08/2021;Snowbed;100;94;94;61;64.89;59.57;0;5.32;0;33.84027778;241.375;0.0248;0.34
Sedum anglicum;Mediterranean;Crassulaceae;240821-09;240821-09b;0.08;24/08/2021;Fellfield;50;33;66;19;57.58;3.03;27.27;27.27;21.21;306.5;1843.25;0.00385;0.17
Sedum anglicum;Mediterranean;Crassulaceae;240821-09;240821-09b;0.08;24/08/2021;Snowbed;50;45;90;15;33.33;0;4.44;28.89;0;NA;NA;0.00305;0.206
Sedum anglicum;Mediterranean;Crassulaceae;250821-09;250821-09;0.08;25/08/2021;Fellfield;100;76;76;48;63.16;38.16;15.79;9.21;3.95;148.6805556;371.8333333;0.00949;0.125
Sedum anglicum;Mediterranean;Crassulaceae;250821-09;250821-09;0.08;25/08/2021;Snowbed;100;90;90;40;44.44;27.78;1.11;15.56;0;282.5;678.5;0.00858;0.197
Sedum brevifolium;Mediterranean;Crassulaceae;240821-11;240821-11;1.8;24/08/2021;Fellfield;100;89;89;68;76.4;71.91;3.37;1.12;0;75.04807692;352.625;0.0265;0.392
Sedum brevifolium;Mediterranean;Crassulaceae;240821-11;240821-11;1.8;24/08/2021;Snowbed;95;90;94.74;65;72.22;64.44;0;7.78;0;84.89285714;240.625;0.0212;0.374
Sedum brevifolium;Mediterranean;Crassulaceae;240821-11;240821-11b;1.8;24/08/2021;Fellfield;50;26;52;1;3.85;0;3.85;0;0;NA;NA;0.004;NA
Sedum brevifolium;Mediterranean;Crassulaceae;240821-11;240821-11b;1.8;24/08/2021;Snowbed;50;50;100;2;4;0;2;2;0;NA;NA;0.003235997;NA
Sedum brevifolium;Mediterranean;Crassulaceae;250821-08;250821-08;1.8;25/08/2021;Fellfield;99;93;93.94;24;25.81;11.83;13.98;0;0;NA;NA;0.00831;0.171
Sedum brevifolium;Mediterranean;Crassulaceae;250821-08;250821-08;1.8;25/08/2021;Snowbed;100;93;93;20;21.51;4.3;0;17.2;0;NA;NA;0.00403;0.35
Sempervivum arachnoideo;Mediterranean;Crassulaceae;230921-02;230921-02;0.27;23/09/2021;Fellfield;99;86;86.87;82;95.35;0;93.02;2.33;0;214.0733974;370;0.00456;0.405
Sempervivum arachnoideo;Mediterranean;Crassulaceae;230921-02;230921-02;0.27;23/09/2021;Snowbed;100;85;85;76;89.41;0;0;89.41;0;259.4943182;347;0.00381;0.384
Sempervivum arachnoideo;Mediterranean;Crassulaceae;230921-04;230921-04;0.27;23/09/2021;Fellfield;100;93;93;90;96.77;0;95.7;1.08;0;211.4305556;348.5;0.00466;0.26
Sempervivum arachnoideo;Mediterranean;Crassulaceae;230921-04;230921-04;0.27;23/09/2021;Snowbed;100;87;87;63;72.41;0;0;72.41;0;260.0833333;355;0.00382;0.372
Sesleria caerula;Temperate;Poaceae;310821-03;310821-03;NA;31/08/2021;Fellfield;100;75;75;75;100;93.33;5.33;1.33;0;25.07852564;267.75;0.0242;0.563
Sesleria caerula;Temperate;Poaceae;310821-03;310821-03;NA;31/08/2021;Snowbed;99;69;69.7;67;97.1;36.23;15.94;44.93;15.94;195.434375;304.625;0.00539;0.131
Sesleria caerula;Temperate;Poaceae;310821-03;310821-03b;NA;31/08/2021;Fellfield;23;15;65.22;15;100;0;73.33;26.67;0;203.1666667;292.5;0.00397;0.143
Sesleria caerula;Temperate;Poaceae;310821-03;310821-03b;NA;31/08/2021;Snowbed;25;15;60;15;100;0;0;100;0;249.5;329;0.00347;0.4
Silene acaulis;Temperate;Caryophyllaceae;130921-07;130921-07;1.45;13/09/2021;Fellfield;100;85;85;52;61.18;10.59;7.06;43.53;0;303.9166667;1601.5;0.00534;0.208
Silene acaulis;Temperate;Caryophyllaceae;130921-07;130921-07;1.45;13/09/2021;Snowbed;100;89;89;29;32.58;3.37;4.49;24.72;4.49;NA;NA;0.0041;0.122
Silene acaulis;Temperate;Caryophyllaceae;140921-03;140921-03;1.45;14/09/2021;Fellfield;99;65;65.66;23;35.38;1.54;4.62;29.23;0;NA;NA;0.00371;0.281
Silene acaulis;Temperate;Caryophyllaceae;140921-03;140921-03;1.45;14/09/2021;Snowbed;100;83;83;29;34.94;2.41;0;32.53;0;288;692.5;0.00396;0.311
Silene ciliata;Temperate;Caryophyllaceae;140921-09;140921-09;0.45;14/09/2021;Fellfield;100;90;90;79;87.78;20;67.78;0;0;202.75625;311.375;0.00557;0.155
Silene ciliata;Temperate;Caryophyllaceae;140921-09;140921-09;0.45;14/09/2021;Snowbed;100;82;82;61;74.39;3.66;36.59;34.15;14.63;253.13125;267;0.00396;0.204
Silene ciliata;Mediterranean;Caryophyllaceae;230921-01;230921-01;0.47;23/09/2021;Fellfield;100;93;93;84;90.32;2.15;86.02;2.15;0;196.5291667;257.875;0.00456;0.318
Silene ciliata;Mediterranean;Caryophyllaceae;230921-01;230921-01;0.47;23/09/2021;Snowbed;100;87;87;82;94.25;0;75.86;18.39;9.2;242.6020833;192.75;0.00377;0.4
Silene ciliata;Mediterranean;Caryophyllaceae;230921-03;230921-03;0.47;23/09/2021;Fellfield;100;98;98;88;89.8;0;87.76;2.04;0;201.2291667;278.875;0.00442;0.18
Silene ciliata;Mediterranean;Caryophyllaceae;230921-03;230921-03;0.47;23/09/2021;Snowbed;100;99;99;95;95.96;1.01;87.88;7.07;9.09;238.934232;176;0.00384;0.394
Silene ciliata;Temperate;Caryophyllaceae;300821-11;300821-11;0.45;30/08/2021;Fellfield;100;98;98;95;96.94;0;96.94;0;0;218.9861111;497.25;0.00446;0.235
Silene ciliata;Temperate;Caryophyllaceae;300821-11;300821-11;0.45;30/08/2021;Snowbed;100;100;100;97;97;0;67;30;28;258.4527778;326.875;0.0038;0.209
Solidago virgaurea;Mediterranean;Asteraceae;240821-08;240821-08;0.02;24/08/2021;Fellfield;98;75;76.53;75;100;97.33;2.67;0;0;11.75459957;143.125;0.0436;0.496
Solidago virgaurea;Mediterranean;Asteraceae;240821-08;240821-08;0.02;24/08/2021;Snowbed;96;80;83.33;80;100;13.75;85;1.25;85;236.4775264;325.5;0.00481;0.566
Solidago virgaurea;Mediterranean;Asteraceae;240821-08;240821-08b;0.02;24/08/2021;Fellfield;48;30;62.5;30;100;0;100;0;3.33;174.5340909;128;0.00459;0.43
Solidago virgaurea;Mediterranean;Asteraceae;240821-08;240821-08b;0.02;24/08/2021;Snowbed;45;39;86.67;39;100;0;100;0;66.67;209.125;74.5;0.004;0.204
Solidago virgaurea;Mediterranean;Asteraceae;250821-13;250821-13;0.02;25/08/2021;Fellfield;100;92;92;92;100;71.74;28.26;0;0;18.05297619;205.625;0.0139;0.401
Solidago virgaurea;Mediterranean;Asteraceae;250821-13;250821-13;0.02;25/08/2021;Snowbed;96;54;56.25;54;100;11.11;88.89;0;72.22;234.0690476;285.625;0.00447;0.33
Solidago virgaurea;Mediterranean;Asteraceae;250821-13;250821-13b;0.02;25/08/2021;Fellfield;47;37;78.72;37;100;0;100;0;0;173.7083333;107.75;0.00456;0.264
Solidago virgaurea;Mediterranean;Asteraceae;250821-13;250821-13b;0.02;25/08/2021;Snowbed;50;38;76;31;81.58;0;73.68;7.89;18.42;221;89.25;0.00381;0.222
Spergula morisonii;Mediterranean;Caryophyllaceae;150721-01;150721-01;0.02;15/07/2021;Fellfield;100;75;75;61;81.33;76;2.67;2.67;0;47.01964286;740.875;0.016;0.683
Spergula morisonii;Mediterranean;Caryophyllaceae;150721-01;150721-01;0.02;15/07/2021;Snowbed;99;84;84.85;74;88.1;88.1;0;0;0;25.72240497;425;0.0234;0.888
Spergula morisonii;Mediterranean;Caryophyllaceae;150721-01;150721-01b;0.02;15/07/2021;Fellfield;49;44;89.8;28;63.64;40.91;22.73;0;22.73;13.77864583;83;0.00648;0.718
Spergula morisonii;Mediterranean;Caryophyllaceae;150721-01;150721-01b;0.02;15/07/2021;Snowbed;50;46;92;6;13.04;2.17;10.87;0;10.87;NA;NA;0.00383;0.75
Spergula morisonii;Mediterranean;Caryophyllaceae;280721-01;280721-01;0.02;28/07/2021;Fellfield;68;37;54.41;17;45.95;37.84;0;8.11;0;288.6333333;2473.166667;0.00872;0.525
Spergula morisonii;Mediterranean;Caryophyllaceae;280721-01;280721-01;0.02;28/07/2021;Snowbed;68;41;60.29;24;58.54;58.54;0;0;0;46.58333333;693.1666667;0.0193;0.6
Thymus praecox;Mediterranean;Lamiaceae;110821-05;110821-05;0.81;11/08/2021;Fellfield;100;65;65;64;98.46;81.54;12.31;4.62;0;18.62673611;252.25;0.016;0.412
Thymus praecox;Mediterranean;Lamiaceae;110821-05;110821-05;0.81;11/08/2021;Snowbed;100;72;72;72;100;44.44;16.67;38.89;4.17;153.84375;394.5;0.006;0.163
Thymus praecox;Mediterranean;Lamiaceae;110821-05;110821-05b;0.81;11/08/2021;Fellfield;50;31;62;31;100;0;93.55;6.45;0;192.0416667;199.5;0.00402;0.223
Thymus praecox;Mediterranean;Lamiaceae;110821-05;110821-05b;0.81;11/08/2021;Snowbed;50;32;64;30;93.75;0;3.12;90.62;0;240.2708333;204.75;0.00343;0.476
Thymus praecox;Mediterranean;Lamiaceae;120821-06;120821-06;0.81;12/08/2021;Fellfield;100;90;90;89;98.89;98.89;0;0;0;9.026442308;129;0.0476;0.512
Thymus praecox;Mediterranean;Lamiaceae;120821-06;120821-06;0.81;12/08/2021;Snowbed;99;94;94.95;94;100;89.36;1.06;9.57;0;12.89803922;137.25;0.0233;0.415
Thymus praecox;Mediterranean;Lamiaceae;120821-06;120821-06b;0.81;12/08/2021;Fellfield;50;27;54;27;100;0;96.3;3.7;0;196.1875;233.5;0.00408;0.253
Thymus praecox;Mediterranean;Lamiaceae;120821-06;120821-06b;0.81;12/08/2021;Snowbed;50;36;72;36;100;0;11.11;88.89;0;241.7708333;195.5;0.00345;0.545
Thymus praecox;Temperate;Lamiaceae;130921-10;130921-10;2.65;13/09/2021;Fellfield;100;68;68;67;98.53;19.12;69.12;10.29;0;232.7916667;566.5;0.00458;0.196
Thymus praecox;Temperate;Lamiaceae;130921-10;130921-10;2.65;13/09/2021;Snowbed;95;69;72.63;68;98.55;1.45;4.35;92.75;0;278.515625;514.875;0.0033;0.208
Thymus praecox;Temperate;Lamiaceae;300821-07;300821-07;2.65;30/08/2021;Fellfield;100;89;89;88;98.88;85.39;12.36;1.12;1.12;10.71517028;122.875;0.0161;0.583
Thymus praecox;Temperate;Lamiaceae;300821-07;300821-07;2.65;30/08/2021;Snowbed;98;76;77.55;75;98.68;0;31.58;67.11;0;271.39375;403.5;0.00345;0.303
Thymus praecox;Temperate;Lamiaceae;300821-07;300821-07b;2.65;30/08/2021;Fellfield;50;35;70;33;94.29;0;82.86;11.43;0;191.53125;196.5;0.00398;0.229
Thymus praecox;Temperate;Lamiaceae;300821-07;300821-07b;2.65;30/08/2021;Snowbed;50;44;88;42;95.45;0;20.45;75;0;239.3958333;199.5;0.0039;0.364
