species;accession;code;incubator;petridish;mgr;syn
Agrostis tileni;250821-06;250821-06;Fellfield;2;0.004608295;1
Agrostis tileni;250821-06;250821-06;Fellfield;3;0.004578755;0.6
Agrostis tileni;250821-06;250821-06;Fellfield;4;0.003968254;1
Agrostis tileni;250821-06;250821-06;Snowbed;1;0.003623188;
Agrostis tileni;250821-06;250821-06;Snowbed;3;0.002747253;
Agrostis tileni;250821-06;250821-06;Snowbed;4;0.003623188;1
Androsace villosa;300821-03;300821-03;Fellfield;1;;
Androsace villosa;300821-03;300821-03;Fellfield;2;;
Androsace villosa;300821-03;300821-03;Fellfield;3;;
Androsace villosa;300821-03;300821-03;Fellfield;4;;
Androsace villosa;300821-03;300821-03;Snowbed;1;;
Androsace villosa;300821-03;300821-03;Snowbed;2;;
Androsace villosa;300821-03;300821-03;Snowbed;3;;
Androsace villosa;300821-03;300821-03;Snowbed;4;;
Androsace villosa;310821-11;310821-11;Fellfield;1;;
Androsace villosa;310821-11;310821-11;Fellfield;2;;
Androsace villosa;310821-11;310821-11;Fellfield;3;;
Androsace villosa;310821-11;310821-11;Fellfield;4;;
Androsace villosa;310821-11;310821-11;Snowbed;1;0.003311258;
Androsace villosa;310821-11;310821-11;Snowbed;2;;
Androsace villosa;310821-11;310821-11;Snowbed;3;0.003174603;
Androsace villosa;310821-11;310821-11;Snowbed;4;;
Anthyllis vulneraria;300821-04;300821-04;Fellfield;1;;
Anthyllis vulneraria;300821-04;300821-04;Fellfield;2;;
Anthyllis vulneraria;300821-04;300821-04;Fellfield;3;;
Anthyllis vulneraria;300821-04;300821-04;Fellfield;4;0.0625;
Anthyllis vulneraria;300821-04;300821-04;Snowbed;1;;
Anthyllis vulneraria;300821-04;300821-04;Snowbed;2;0.0625;
Anthyllis vulneraria;300821-04;300821-04;Snowbed;3;0.0625;
Anthyllis vulneraria;300821-04;300821-04;Snowbed;4;;
Anthyllis vulneraria;300821-04;300821-04b;Fellfield;5;;
Anthyllis vulneraria;300821-04;300821-04b;Fellfield;6;;
Anthyllis vulneraria;300821-04;300821-04b;Snowbed;5;;
Anthyllis vulneraria;300821-04;300821-04b;Snowbed;5;;
Anthyllis vulneraria;300821-04;300821-04b;Snowbed;6;0.004291845;
Anthyllis vulneraria;310821-12;310821-12;Fellfield;1;;
Anthyllis vulneraria;310821-12;310821-12;Fellfield;2;;
Anthyllis vulneraria;310821-12;310821-12;Fellfield;3;;
Anthyllis vulneraria;310821-12;310821-12;Fellfield;4;0.006451613;0
Anthyllis vulneraria;310821-12;310821-12;Snowbed;1;;
Anthyllis vulneraria;310821-12;310821-12;Snowbed;2;;
Anthyllis vulneraria;310821-12;310821-12;Snowbed;3;;
Anthyllis vulneraria;310821-12;310821-12;Snowbed;4;;
Anthyllis vulneraria;310821-12;310821-12b;Fellfield;5;0.004926108;
Anthyllis vulneraria;310821-12;310821-12b;Fellfield;6;;
Anthyllis vulneraria;310821-12;310821-12b;Snowbed;5;;
Anthyllis vulneraria;310821-12;310821-12b;Snowbed;6;;
Arenaria erinacea;300821-08;300821-08;Fellfield;1;0.040229885;0.4285714
Arenaria erinacea;300821-08;300821-08;Fellfield;2;0.038961039;0.2666667
Arenaria erinacea;300821-08;300821-08;Fellfield;3;0.039370079;0.4
Arenaria erinacea;300821-08;300821-08;Fellfield;4;0.042553191;0.3333333
Arenaria erinacea;300821-08;300821-08;Snowbed;1;;
Arenaria erinacea;300821-08;300821-08;Snowbed;2;0.002949853;
Arenaria erinacea;300821-08;300821-08;Snowbed;3;0.03030303;
Arenaria erinacea;300821-08;300821-08;Snowbed;4;0.03030303;
Arenaria moehringioides;140921-02;140921-02;Fellfield;1;0.004409603;0.08333333
Arenaria moehringioides;140921-02;140921-02;Fellfield;2;0.004466501;0.19444444
Arenaria moehringioides;140921-02;140921-02;Fellfield;3;0.006741573;0.13333333
Arenaria moehringioides;140921-02;140921-02;Snowbed;1;0.003924133;0.2
Arenaria moehringioides;140921-02;140921-02;Snowbed;2;0.004267425;0.33333333
Arenaria moehringioides;140921-02;140921-02;Snowbed;3;0.003880266;0.04761905
Armeria cantabrica;130921-15;130921-15;Fellfield;1;0.003819366;0.05882353
Armeria cantabrica;130921-15;130921-15;Fellfield;2;0.00383574;0.36029412
Armeria cantabrica;130921-15;130921-15;Fellfield;3;0.004072832;0.11029412
Armeria cantabrica;130921-15;130921-15;Fellfield;4;0.003701876;0.0952381
Armeria cantabrica;130921-15;130921-15;Snowbed;1;0.003739589;0.16883117
Armeria cantabrica;130921-15;130921-15;Snowbed;2;0.003332164;0.0994152
Armeria cantabrica;130921-15;130921-15;Snowbed;3;0.003449763;0.11666667
Armeria cantabrica;130921-15;130921-15;Snowbed;4;0.003700479;0.29411765
Armeria cantabrica;140921-07;140921-07;Fellfield;1;0.004110997;0.16666667
Armeria cantabrica;140921-07;140921-07;Snowbed;1;0.003496503;0
Armeria duriaei;240821-01;240821-01;Fellfield;1;0.052884615;0.7445887
Armeria duriaei;240821-01;240821-01;Fellfield;2;0.061797753;0.8268398
Armeria duriaei;240821-01;240821-01;Fellfield;3;0.066666667;0.9166667
Armeria duriaei;240821-01;240821-01;Fellfield;4;0.071428571;1
Armeria duriaei;240821-01;240821-01;Snowbed;1;0.012507817;0.4
Armeria duriaei;240821-01;240821-01;Snowbed;2;0.018121911;0.4069264
Armeria duriaei;240821-01;240821-01;Snowbed;3;0.066473988;0.9130435
Armeria duriaei;240821-01;240821-01;Snowbed;4;0.06626506;0.9090909
Armeria duriaei;240821-01;240821-01b;Fellfield;5;0.004914005;0.1861472
Armeria duriaei;240821-01;240821-01b;Fellfield;6;0.007027818;0.442029
Armeria duriaei;240821-01;240821-01b;Snowbed;5;0.002824496;0.1601732
Armeria duriaei;240821-01;240821-01b;Snowbed;6;0.002855015;0.2055336
Armeria duriaei;250821-01;250821-01;Fellfield;1;0.0430839;0.6491228
Armeria duriaei;250821-01;250821-01;Fellfield;2;0.05;0.9
Armeria duriaei;250821-01;250821-01;Fellfield;3;0.028050491;0.8052632
Armeria duriaei;250821-01;250821-01;Fellfield;4;0.04283054;0.6442688
Armeria duriaei;250821-01;250821-01;Snowbed;1;0.011821975;0.4338235
Armeria duriaei;250821-01;250821-01;Snowbed;2;0.025157233;0.6473684
Armeria duriaei;250821-01;250821-01;Snowbed;3;0.031207598;0.5256917
Armeria duriaei;250821-01;250821-01;Snowbed;4;0.030383091;0.5573123
Armeria duriaei;250821-01;250821-01b;Fellfield;5;0.00401322;0.2279412
Armeria duriaei;250821-01;250821-01b;Fellfield;6;0.004598662;0.2640693
Armeria duriaei;250821-01;250821-01b;Snowbed;5;0.00287687;0.2
Armeria duriaei;250821-01;250821-01b;Snowbed;6;0.002769776;0.27
Carex sempervirens;130921-02;130921-02;Fellfield;1;0.003903963;0.2894737
Carex sempervirens;130921-02;130921-02;Fellfield;2;0.004014452;0.3842105
Carex sempervirens;130921-02;130921-02;Fellfield;3;0.003988954;0.5384615
Carex sempervirens;130921-02;130921-02;Fellfield;4;0.003984064;0.3636364
Carex sempervirens;130921-02;130921-02;Snowbed;1;0.003453947;0.5190476
Carex sempervirens;130921-02;130921-02;Snowbed;2;0.003447087;0.3894737
Carex sempervirens;130921-02;130921-02;Snowbed;3;0.003425831;0.5842105
Carex sempervirens;130921-02;130921-02;Snowbed;4;0.003438575;0.4363636
Carex sempervirens;310821-13;310821-13;Fellfield;1;0.003924775;0.1630435
Carex sempervirens;310821-13;310821-13;Fellfield;2;0.003990568;0.2251082
Carex sempervirens;310821-13;310821-13;Fellfield;3;0.00395132;0.23
Carex sempervirens;310821-13;310821-13;Fellfield;4;0.004020313;0.3099415
Carex sempervirens;310821-13;310821-13;Snowbed;1;0.003501294;0.8339921
Carex sempervirens;310821-13;310821-13;Snowbed;2;0.003411029;0.3137255
Carex sempervirens;310821-13;310821-13;Snowbed;3;0.00349162;0.7733333
Carex sempervirens;310821-13;310821-13;Snowbed;4;0.003500175;0.9
Cerastium ramosissimum;150721-05;150721-05;Fellfield;1;0.014285714;1
Cerastium ramosissimum;150721-05;150721-05;Fellfield;2;0.014285714;1
Cerastium ramosissimum;150721-05;150721-05;Fellfield;3;0.014285714;1
Cerastium ramosissimum;150721-05;150721-05;Fellfield;4;0.014285714;1
Cerastium ramosissimum;150721-05;150721-05;Snowbed;1;0.014285714;1
Cerastium ramosissimum;150721-05;150721-05;Snowbed;2;0.019011407;0.4
Cerastium ramosissimum;150721-05;150721-05;Snowbed;3;0.014285714;1
Cerastium ramosissimum;150721-05;150721-05;Snowbed;4;0.018018018;0.4
Cerastium ramosissimum;280721-02;280721-02;Fellfield;1;0.015936255;0.6052632
Cerastium ramosissimum;280721-02;280721-02;Fellfield;2;0.014448669;0.4736842
Cerastium ramosissimum;280721-02;280721-02;Fellfield;3;0.018888889;0.4852941
Cerastium ramosissimum;280721-02;280721-02;Fellfield;4;0.014622258;0.8888889
Cerastium ramosissimum;280721-02;280721-02;Snowbed;1;0.017745303;0.4705882
Cerastium ramosissimum;280721-02;280721-02;Snowbed;2;0.017559263;0.4789474
Cerastium ramosissimum;280721-02;280721-02;Snowbed;3;0.018018018;0.4736842
Cerastium ramosissimum;280721-02;280721-02;Snowbed;4;0.016574586;0.5294118
Cerastium ramosissimum;280721-02;280721-02b;Fellfield;5;0.009708738;1
Cerastium ramosissimum;280721-02;280721-02b;Fellfield;6;0.009708738;1
Cerastium ramosissimum;280721-02;280721-02b;Snowbed;5;0.009708738;1
Cerastium ramosissimum;280721-02;280721-02b;Snowbed;6;0.009708738;1
Conopodium majus;240821-03;240821-03;Fellfield;1;0.004574565;0.2
Conopodium majus;240821-03;240821-03;Fellfield;2;0.004569688;0.2666667
Conopodium majus;240821-03;240821-03;Fellfield;3;0.004643963;0.6818182
Conopodium majus;240821-03;240821-03;Fellfield;4;0.004656577;0.5
Conopodium majus;240821-03;240821-03;Snowbed;1;0.004115226;1
Conopodium majus;240821-03;240821-03;Snowbed;2;0.004115226;1
Conopodium majus;240821-03;240821-03;Snowbed;3;0.004115226;1
Conopodium majus;240821-03;240821-03;Snowbed;4;0.004067245;0.8666667
Conopodium majus;240821-03;240821-03b;Fellfield;5;0.004626248;0.4444444
Conopodium majus;240821-03;240821-03b;Fellfield;6;0.004781257;0.4894737
Conopodium majus;240821-03;240821-03b;Snowbed;5;0.004098361;1
Conopodium majus;240821-03;240821-03b;Snowbed;6;0.004098361;1
Conopodium majus;250821-04;250821-04;Fellfield;1;0.004694836;1
Conopodium majus;250821-04;250821-04;Fellfield;2;0.004694836;1
Conopodium majus;250821-04;250821-04;Fellfield;3;0.004694836;1
Conopodium majus;250821-04;250821-04;Fellfield;4;0.004623334;0.7720588
Conopodium majus;250821-04;250821-04;Snowbed;1;0.004115226;1
Conopodium majus;250821-04;250821-04;Snowbed;2;0.004115226;1
Conopodium majus;250821-04;250821-04;Snowbed;3;0.004115226;1
Conopodium majus;250821-04;250821-04;Snowbed;4;0.004115226;1
Dethawia splendens;310821-07;310821-07;Fellfield;1;0.004380725;0.2909091
Dethawia splendens;310821-07;310821-07;Fellfield;2;0.004632153;0.1617647
Dethawia splendens;310821-07;310821-07;Fellfield;3;0.004705882;0.2967033
Dethawia splendens;310821-07;310821-07;Fellfield;4;0.004739336;0.1978022
Dethawia splendens;310821-07;310821-07;Snowbed;1;0.004344678;0.6969697
Dethawia splendens;310821-07;310821-07;Snowbed;2;0.004346372;0.7179487
Dethawia splendens;310821-07;310821-07;Snowbed;3;0.004357298;0.8571429
Dethawia splendens;310821-07;310821-07;Snowbed;4;0.004068348;0.1111111
Dianthus langeanus;110821-01;110821-01;Fellfield;1;0.039556962;0.47
Dianthus langeanus;110821-01;110821-01;Fellfield;2;0.119402985;0.9166667
Dianthus langeanus;110821-01;110821-01;Fellfield;3;0.139664804;0.92
Dianthus langeanus;110821-01;110821-01;Fellfield;4;0.093984962;0.72
Dianthus langeanus;110821-01;110821-01;Snowbed;1;0.139664804;0.92
Dianthus langeanus;110821-01;110821-01;Snowbed;2;0.081272085;0.6442688
Dianthus langeanus;110821-01;110821-01;Snowbed;3;0.166666667;1
Dianthus langeanus;110821-01;110821-01;Snowbed;4;0.139664804;0.92
Dianthus langeanus;110821-01;110821-01b;Fellfield;5;0.014705882;1
Dianthus langeanus;110821-01;110821-01b;Fellfield;6;0.010032103;0.6433333
Dianthus langeanus;110821-01;110821-01b;Snowbed;5;0.003845538;0.3985507
Dianthus langeanus;110821-01;110821-01b;Snowbed;6;0.003936388;0.3833333
Dianthus langeanus;120821-02;120821-02;Fellfield;1;0.056947608;0.4933333
Dianthus langeanus;120821-02;120821-02;Fellfield;2;0.075709779;0.6413043
Dianthus langeanus;120821-02;120821-02;Fellfield;3;0.139664804;0.92
Dianthus langeanus;120821-02;120821-02;Fellfield;4;0.120192308;0.8466667
Dianthus langeanus;120821-02;120821-02;Snowbed;1;0.017857143;0.2789855
Dianthus langeanus;120821-02;120821-02;Snowbed;2;0.093984962;0.72
Dianthus langeanus;120821-02;120821-02;Snowbed;3;0.028735632;0.4466667
Dianthus langeanus;120821-02;120821-02;Snowbed;4;0.081272085;0.6442688
Dianthus langeanus;120821-02;120821-02b;Fellfield;5;0.008934954;0.5233333
Dianthus langeanus;120821-02;120821-02b;Fellfield;6;0.00911252;0.5612648
Dianthus langeanus;120821-02;120821-02b;Snowbed;5;0.004393673;0.3433333
Dianthus langeanus;120821-02;120821-02b;Snowbed;6;0.003732504;0.3333333
Erigeron alpinus;310821-15;310821-15;Fellfield;1;0.00436443;0.3804348
Erigeron alpinus;310821-15;310821-15;Fellfield;2;0.004623636;0.2433333
Erigeron alpinus;310821-15;310821-15;Fellfield;3;0.004473072;0.2166667
Erigeron alpinus;310821-15;310821-15;Fellfield;4;0.004443622;0.3224638
Erigeron alpinus;310821-15;310821-15;Snowbed;1;0.003747564;0.2333333
Erigeron alpinus;310821-15;310821-15;Snowbed;2;0.003755869;0.5289855
Erigeron alpinus;310821-15;310821-15;Snowbed;3;0.003779289;0.3366667
Erigeron alpinus;310821-15;310821-15;Snowbed;4;0.003808653;0.5466667
Euphrasia salisburgensis;011021-01;011021-01;Fellfield;1;;
Euphrasia salisburgensis;011021-01;011021-01;Fellfield;2;0.004950495;
Euphrasia salisburgensis;011021-01;011021-01;Fellfield;3;;
Euphrasia salisburgensis;011021-01;011021-01;Fellfield;4;;
Euphrasia salisburgensis;011021-01;011021-01;Snowbed;1;0.004739336;
Euphrasia salisburgensis;011021-01;011021-01;Snowbed;2;;
Euphrasia salisburgensis;011021-01;011021-01;Snowbed;3;;
Euphrasia salisburgensis;011021-01;011021-01;Snowbed;4;;
Euphrasia salisburgensis;300921-01;300921-01;Fellfield;1;;
Euphrasia salisburgensis;300921-01;300921-01;Fellfield;2;0.002932551;
Euphrasia salisburgensis;300921-01;300921-01;Fellfield;3;0.002932551;
Euphrasia salisburgensis;300921-01;300921-01;Fellfield;4;;
Euphrasia salisburgensis;300921-01;300921-01;Snowbed;1;;
Euphrasia salisburgensis;300921-01;300921-01;Snowbed;2;;
Euphrasia salisburgensis;300921-01;300921-01;Snowbed;3;;
Euphrasia salisburgensis;300921-01;300921-01;Snowbed;4;;
Festuca hystrix;130921-16;130921-16;Fellfield;1;0.01870187;0.7720588
Festuca hystrix;130921-16;130921-16;Snowbed;1;0.006951341;0.3406593
Festuca hystrix;300821-01;300821-01;Fellfield;1;0.048192771;0.5714286
Festuca hystrix;300821-01;300821-01;Snowbed;1;0.026143791;0.5
Festuca rubra;310821-02;310821-02;Fellfield;1;0.004115226;
Festuca summilusitana;240821-02;240821-02;Fellfield;1;0.040669856;0.4705882
Festuca summilusitana;240821-02;240821-02;Fellfield;2;0.044973545;0.4779412
Festuca summilusitana;240821-02;240821-02;Fellfield;3;0.045454545;0.4857143
Festuca summilusitana;240821-02;240821-02;Fellfield;4;0.035714286;0.5333333
Festuca summilusitana;240821-02;240821-02;Snowbed;1;0.028225806;0.8571429
Festuca summilusitana;240821-02;240821-02;Snowbed;2;0.021390374;0.65
Festuca summilusitana;240821-02;240821-02;Snowbed;3;0.037414966;0.3636364
Festuca summilusitana;240821-02;240821-02;Snowbed;4;0.030405405;0.8888889
Festuca summilusitana;240821-02;240821-02b;Fellfield;5;0.005164447;0.4678363
Festuca summilusitana;240821-02;240821-02b;Fellfield;6;0.005280073;0.687747
Festuca summilusitana;240821-02;240821-02b;Snowbed;5;0.003833145;0.6691176
Festuca summilusitana;240821-02;240821-02b;Snowbed;6;0.004118051;0.8888889
Festuca summilusitana;250821-02;250821-02;Fellfield;1;0.030805687;0.5897436
Festuca summilusitana;250821-02;250821-02;Fellfield;2;0.028037383;0.8333333
Festuca summilusitana;250821-02;250821-02;Fellfield;3;0.02739726;0.3928571
Festuca summilusitana;250821-02;250821-02;Fellfield;4;0.029411765;0.5833333
Festuca summilusitana;250821-02;250821-02;Snowbed;1;0.014477766;0.5054945
Festuca summilusitana;250821-02;250821-02;Snowbed;2;0.028301887;0.8666667
Festuca summilusitana;250821-02;250821-02;Snowbed;3;0.013861386;0.2857143
Festuca summilusitana;250821-02;250821-02;Snowbed;4;0.017118402;0.8333333
Festuca summilusitana;250821-02;250821-02b;Fellfield;5;0.004847016;0.875
Festuca summilusitana;250821-02;250821-02b;Fellfield;6;0.004727544;0.6140351
Festuca summilusitana;250821-02;250821-02b;Snowbed;5;0.003923492;0.7583333
Festuca summilusitana;250821-02;250821-02b;Snowbed;6;0.003994361;0.7720588
Gentiana verna;130921-06;130921-06;Fellfield;1;0.004484305;1
Gentiana verna;130921-06;130921-06;Fellfield;2;0.004570384;0.1
Gentiana verna;130921-06;130921-06;Fellfield;3;0.004784689;
Gentiana verna;130921-06;130921-06;Fellfield;4;0.004219409;
Gentiana verna;130921-06;130921-06;Snowbed;1;0.004225352;0.3333333
Gentiana verna;130921-06;130921-06;Snowbed;2;0.0041841;0.6666667
Gentiana verna;130921-06;130921-06;Snowbed;3;0.004310345;
Gentiana verna;130921-06;130921-06;Snowbed;4;0.004310345;
Gentiana verna;140921-06;140921-06;Fellfield;1;;
Gentiana verna;140921-06;140921-06;Fellfield;2;0.004219409;
Gentiana verna;140921-06;140921-06;Fellfield;3;;
Gentiana verna;140921-06;140921-06;Fellfield;4;;
Gentiana verna;140921-06;140921-06;Snowbed;1;;
Gentiana verna;140921-06;140921-06;Snowbed;2;0.004444444;
Gentiana verna;140921-06;140921-06;Snowbed;3;;
Gentiana verna;140921-06;140921-06;Snowbed;4;;
Gentianella campestris;300921-03;300921-03;Fellfield;1;;
Gentianella campestris;300921-03;300921-03;Fellfield;2;;
Gentianella campestris;300921-03;300921-03;Fellfield;3;;
Gentianella campestris;300921-03;300921-03;Fellfield;3;;
Gentianella campestris;300921-03;300921-03;Fellfield;4;;
Gentianella campestris;300921-03;300921-03;Snowbed;1;;
Gentianella campestris;300921-03;300921-03;Snowbed;2;;
Gentianella campestris;300921-03;300921-03;Snowbed;3;;
Gentianella campestris;300921-03;300921-03;Snowbed;4;;
Gypsophila repens;300821-10;300821-10;Fellfield;1;0.004559271;0.21904762
Gypsophila repens;300821-10;300821-10;Fellfield;2;0.005599104;0.22222222
Gypsophila repens;300821-10;300821-10;Fellfield;3;0.004598406;0.06666667
Gypsophila repens;300821-10;300821-10;Fellfield;4;0.005939754;0.20879121
Gypsophila repens;300821-10;300821-10;Snowbed;1;0.003333889;0.73157895
Gypsophila repens;300821-10;300821-10;Snowbed;2;0.003442341;0.41758242
Gypsophila repens;300821-10;300821-10;Snowbed;3;0.003479853;0.29824561
Gypsophila repens;300821-10;300821-10;Snowbed;4;0.00355366;0.72105263
Gypsophila repens;310821-08;310821-08;Fellfield;1;0.004475579;0.29249012
Gypsophila repens;310821-08;310821-08;Fellfield;2;0.004180456;0.36956522
Gypsophila repens;310821-08;310821-08;Fellfield;3;0.006164192;0.20779221
Gypsophila repens;310821-08;310821-08;Fellfield;4;0.004700855;0.1991342
Gypsophila repens;310821-08;310821-08;Snowbed;1;0.003520588;0.23715415
Gypsophila repens;310821-08;310821-08;Snowbed;2;0.003698567;0.23550725
Gypsophila repens;310821-08;310821-08;Snowbed;3;0.003647898;0.17391304
Gypsophila repens;310821-08;310821-08;Snowbed;4;0.003581895;0.35497835
Helianthemum canum;300821-05;300821-05;Fellfield;1;0.005460218;0.04761905
Helianthemum canum;300821-05;300821-05;Fellfield;2;0.011152416;0.5
Helianthemum canum;300821-05;300821-05;Fellfield;3;0.015714286;0.50909091
Helianthemum canum;300821-05;300821-05;Fellfield;4;0.010050251;0.25
Helianthemum canum;300821-05;300821-05;Snowbed;1;0.004914005;0.13333333
Helianthemum canum;300821-05;300821-05;Snowbed;2;0.006417112;0.06666667
Helianthemum canum;300821-05;300821-05;Snowbed;3;0.008645533;0.13333333
Helianthemum canum;300821-05;300821-05;Snowbed;4;0.006550218;0.06666667
Helianthemum canum;310821-05;310821-05;Fellfield;1;0.003208556;0
Helianthemum canum;310821-05;310821-05;Fellfield;2;0.028735632;0.3
Helianthemum canum;310821-05;310821-05;Fellfield;3;0.058823529;1
Helianthemum canum;310821-05;310821-05;Fellfield;4;0.006153846;0
Helianthemum canum;310821-05;310821-05;Snowbed;1;;
Helianthemum canum;310821-05;310821-05;Snowbed;2;0.004008016;0.16666667
Helianthemum canum;310821-05;310821-05;Snowbed;3;0.003636364;
Helianthemum canum;310821-05;310821-05;Snowbed;4;0.011792453;0.3
Helianthemum urrielense;130921-05;130921-05;Fellfield;1;0.005128205;0
Helianthemum urrielense;130921-05;130921-05;Fellfield;2;0.034482759;1
Helianthemum urrielense;130921-05;130921-05;Fellfield;3;0.034482759;
Helianthemum urrielense;130921-05;130921-05;Fellfield;4;0.066666667;
Helianthemum urrielense;130921-05;130921-05;Snowbed;1;;
Helianthemum urrielense;130921-05;130921-05;Snowbed;2;0.034482759;
Helianthemum urrielense;130921-05;130921-05;Snowbed;3;0.066666667;1
Helianthemum urrielense;130921-05;130921-05;Snowbed;4;0.066666667;
Helianthemum urrielense;130921-05;130921-05b;Fellfield;5;0.004283966;0.1318681
Helianthemum urrielense;130921-05;130921-05b;Fellfield;6;0.004836759;0.3030303
Helianthemum urrielense;130921-05;130921-05b;Snowbed;5;0.004112623;0.474359
Helianthemum urrielense;130921-05;130921-05b;Snowbed;6;0.004047491;0.5238095
Helianthemum urrielense;140921-04;140921-04;Fellfield;1;0.052631579;
Helianthemum urrielense;140921-04;140921-04;Fellfield;2;0.030487805;0.3
Helianthemum urrielense;140921-04;140921-04;Fellfield;3;0.052631579;
Helianthemum urrielense;140921-04;140921-04;Fellfield;4;0.037735849;0
Helianthemum urrielense;140921-04;140921-04;Snowbed;1;0.052631579;
Helianthemum urrielense;140921-04;140921-04;Snowbed;2;0.029411765;1
Helianthemum urrielense;140921-04;140921-04;Snowbed;3;0.052631579;
Helianthemum urrielense;140921-04;140921-04;Snowbed;4;0.029411765;1
Helianthemum urrielense;140921-04;140921-04b;Fellfield;5;0.023809524;
Helianthemum urrielense;140921-04;140921-04b;Fellfield;6;0.023809524;1
Helianthemum urrielense;140921-04;140921-04b;Snowbed;6;0.004444444;1
Helictochloa marginata;240821-06;240821-06;Fellfield;1;0.00390625;1
Helictochloa marginata;240821-06;240821-06;Fellfield;2;0.006920415;0
Helictochloa marginata;240821-06;240821-06;Snowbed;1;0.003584229;0.5
Helictochloa marginata;240821-06;240821-06;Snowbed;2;0.018867925;
Helictotrichon sedenense;300821-09;300821-09;Fellfield;1;0.004282655;0.3333333
Helictotrichon sedenense;300821-09;300821-09;Fellfield;2;0.004219409;1
Helictotrichon sedenense;300821-09;300821-09;Fellfield;3;0.004282655;0.3333333
Helictotrichon sedenense;300821-09;300821-09;Fellfield;4;0.006060606;0.3333333
Helictotrichon sedenense;300821-09;300821-09;Snowbed;1;0.004310345;1
Helictotrichon sedenense;300821-09;300821-09;Snowbed;2;0.004310345;1
Helictotrichon sedenense;300821-09;300821-09;Snowbed;3;0.004111842;0.6
Helictotrichon sedenense;300821-09;300821-09;Snowbed;4;0.004016064;0.4761905
Iberis carnosa;130921-12;130921-12;Fellfield;1;0.022446689;0.63684211
Iberis carnosa;130921-12;130921-12;Fellfield;2;0.02373247;0.74025974
Iberis carnosa;130921-12;130921-12;Fellfield;3;0.016853933;0.72857143
Iberis carnosa;130921-12;130921-12;Fellfield;4;0.010879849;0.48221344
Iberis carnosa;130921-12;130921-12;Snowbed;1;0.003658925;0.20948617
Iberis carnosa;130921-12;130921-12;Snowbed;2;0.003638884;0.12380952
Iberis carnosa;130921-12;130921-12;Snowbed;3;0.003396839;0.17391304
Iberis carnosa;130921-12;130921-12;Snowbed;4;0.004292647;0.11067194
Iberis carnosa;130921-12;130921-12b;Fellfield;5;0.003463803;0.08421053
Jasione cavanillesii;130921-14;130921-14;Fellfield;1;0.004573171;0
Jasione cavanillesii;130921-14;130921-14;Fellfield;2;0.004484305;0.14285714
Jasione cavanillesii;130921-14;130921-14;Fellfield;3;0.004293688;0.15555556
Jasione cavanillesii;130921-14;130921-14;Snowbed;1;0.003731343;0.3
Jasione cavanillesii;130921-14;130921-14;Snowbed;2;0.003652968;0.5
Jasione cavanillesii;130921-14;130921-14;Snowbed;3;0.003738318;0.06666667
Jasione cavanillesii;140921-05;140921-05;Fellfield;1;;
Jasione cavanillesii;140921-05;140921-05;Fellfield;2;;
Jasione cavanillesii;140921-05;140921-05;Fellfield;3;;
Jasione cavanillesii;140921-05;140921-05;Snowbed;1;;
Jasione cavanillesii;140921-05;140921-05;Snowbed;2;0.003289474;
Jasione cavanillesii;140921-05;140921-05;Snowbed;3;;
Jurinea humilis;110821-06;110821-06;Fellfield;1;0.040816327;0
Jurinea humilis;110821-06;110821-06;Fellfield;2;0.012195122;0.3333333
Jurinea humilis;110821-06;110821-06;Fellfield;3;0.022580645;0.4761905
Jurinea humilis;110821-06;110821-06;Fellfield;4;0.008510638;0.1666667
Jurinea humilis;110821-06;110821-06;Snowbed;1;0.004048583;1
Jurinea humilis;110821-06;110821-06;Snowbed;2;0.004048583;1
Jurinea humilis;110821-06;110821-06;Snowbed;3;0.004048583;1
Jurinea humilis;110821-06;110821-06b;Fellfield;5;0.003974563;0.1619048
Jurinea humilis;110821-06;110821-06b;Fellfield;6;0.004453103;0.2916667
Jurinea humilis;110821-06;110821-06b;Snowbed;5;0.003664495;0.1111111
Jurinea humilis;110821-06;110821-06b;Snowbed;6;0.003951149;0.5272727
Jurinea humilis;120821-03;120821-03;Fellfield;2;0.090909091;
Jurinea humilis;120821-03;120821-03;Fellfield;3;0.047337278;0.4642857
Jurinea humilis;120821-03;120821-03;Fellfield;4;0.014040562;0.25
Jurinea humilis;120821-03;120821-03;Snowbed;3;0.004048583;
Jurinea humilis;120821-03;120821-03b;Fellfield;5;0.004437542;0.7157895
Jurinea humilis;120821-03;120821-03b;Fellfield;6;0.004470522;0.325
Jurinea humilis;120821-03;120821-03b;Snowbed;5;0.003799873;0.2727273
Jurinea humilis;120821-03;120821-03b;Snowbed;6;0.003788676;0.2810458
Jurinea humilis;310821-01;310821-01;Fellfield;2;0.004329004;0
Jurinea humilis;310821-01;310821-01;Fellfield;4;0.010309278;0.5
Jurinea humilis;310821-01;310821-01;Snowbed;1;0.004048583;1
Jurinea humilis;310821-01;310821-01;Snowbed;2;0.004048583;1
Jurinea humilis;310821-01;310821-01;Snowbed;3;0.004048583;1
Jurinea humilis;310821-01;310821-01;Snowbed;4;0.004048583;1
Jurinea humilis;310821-01;310821-01b;Fellfield;5;0.004385965;0.4761905
Jurinea humilis;310821-01;310821-01b;Fellfield;6;0.004410143;0.5714286
Jurinea humilis;310821-01;310821-01b;Snowbed;5;0.003900156;0.4888889
Jurinea humilis;310821-01;310821-01b;Snowbed;6;0.003948667;0.3928571
Kobresia myosuroides;130921-03;130921-03;Fellfield;1;;
Kobresia myosuroides;130921-03;130921-03;Fellfield;2;;
Kobresia myosuroides;130921-03;130921-03;Fellfield;3;;
Kobresia myosuroides;130921-03;130921-03;Fellfield;4;;
Kobresia myosuroides;130921-03;130921-03;Snowbed;1;;
Kobresia myosuroides;130921-03;130921-03;Snowbed;2;;
Kobresia myosuroides;130921-03;130921-03;Snowbed;3;;
Kobresia myosuroides;130921-03;130921-03;Snowbed;4;;
Kobresia myosuroides;130921-03;130921-03b;Fellfield;5;;
Kobresia myosuroides;130921-03;130921-03b;Fellfield;6;;
Kobresia myosuroides;130921-03;130921-03b;Snowbed;5;;
Kobresia myosuroides;130921-03;130921-03b;Snowbed;6;;
Koeleria vallesiana;300821-02;300821-02;Fellfield;1;0.0625;1
Koeleria vallesiana;300821-02;300821-02;Fellfield;2;0.055865922;0.8105263
Koeleria vallesiana;300821-02;300821-02;Fellfield;3;0.0625;1
Koeleria vallesiana;300821-02;300821-02;Fellfield;4;0.0625;1
Koeleria vallesiana;300821-02;300821-02;Snowbed;1;0.017881706;0.5897436
Koeleria vallesiana;300821-02;300821-02;Snowbed;2;0.014739229;0.474359
Koeleria vallesiana;300821-02;300821-02;Snowbed;3;0.020378457;0.8571429
Koeleria vallesiana;300821-02;300821-02;Snowbed;4;0.009313155;0.25
Koeleria vallesiana;300821-02;300821-02b;Fellfield;5;0.005136986;0.5047619
Koeleria vallesiana;300821-02;300821-02b;Fellfield;6;0.004553554;0.4743083
Koeleria vallesiana;300821-02;300821-02b;Snowbed;5;0.004216983;0.8225108
Koeleria vallesiana;300821-02;300821-02b;Snowbed;6;0.004048583;0.4380952
Koeleria vallesiana;310821-09;310821-09;Fellfield;1;0.030181087;0.4380952
Koeleria vallesiana;310821-09;310821-09;Fellfield;2;0.030588235;0.5384615
Koeleria vallesiana;310821-09;310821-09;Fellfield;3;0.034220532;0.4771242
Koeleria vallesiana;310821-09;310821-09;Fellfield;4;0.03875969;0.6631579
Koeleria vallesiana;310821-09;310821-09;Snowbed;1;0.009151922;0.247619
Koeleria vallesiana;310821-09;310821-09;Snowbed;2;0.014977974;0.4044118
Koeleria vallesiana;310821-09;310821-09;Snowbed;3;0.019911504;0.6143791
Koeleria vallesiana;310821-09;310821-09;Snowbed;4;0.009082218;0.2748538
Koeleria vallesiana;310821-09;310821-09b;Fellfield;5;0.004723347;0.4380952
Koeleria vallesiana;310821-09;310821-09b;Fellfield;6;0.004742268;0.4743083
Koeleria vallesiana;310821-09;310821-09b;Snowbed;5;0.003691334;0.1095238
Koeleria vallesiana;310821-09;310821-09b;Snowbed;6;0.003854915;0.1731602
Luzula caespitosa;110821-03;110821-03;Fellfield;1;0.007032349;0.3
Luzula caespitosa;110821-03;110821-03;Fellfield;2;0.023529412;0.5
Luzula caespitosa;110821-03;110821-03;Fellfield;3;0.012269939;0.53571429
Luzula caespitosa;110821-03;110821-03;Fellfield;4;0.013333333;0.48888889
Luzula caespitosa;110821-03;110821-03;Snowbed;1;0.004065041;1
Luzula caespitosa;110821-03;110821-03;Snowbed;2;0.004065041;1
Luzula caespitosa;110821-03;110821-03;Snowbed;3;0.004065041;1
Luzula caespitosa;110821-03;110821-03;Snowbed;4;0.004050633;0.75
Luzula caespitosa;110821-03;110821-03b;Fellfield;5;;
Luzula caespitosa;110821-03;110821-03b;Fellfield;6;0.004464286;0.74285714
Luzula caespitosa;110821-03;110821-03b;Snowbed;5;0.003981305;0.91304348
Luzula caespitosa;110821-03;110821-03b;Snowbed;6;0.004032997;0.90909091
Luzula caespitosa;120821-04;120821-04;Fellfield;1;0.00856531;0.53571429
Luzula caespitosa;120821-04;120821-04;Fellfield;2;0.006146281;0.13333333
Luzula caespitosa;120821-04;120821-04;Fellfield;3;0.00554785;0.16666667
Luzula caespitosa;120821-04;120821-04;Fellfield;4;0.005164622;0.75
Luzula caespitosa;120821-04;120821-04;Snowbed;1;0.003963535;0.62222222
Luzula caespitosa;120821-04;120821-04;Snowbed;2;0.004065041;1
Luzula caespitosa;120821-04;120821-04;Snowbed;3;0.004065041;1
Luzula caespitosa;120821-04;120821-04;Snowbed;4;0.004065041;1
Luzula caespitosa;120821-04;120821-04b;Fellfield;5;0.004297609;0.40833333
Luzula caespitosa;120821-04;120821-04b;Fellfield;6;0.00346868;0.06617647
Luzula caespitosa;120821-04;120821-04b;Snowbed;5;0.004000842;0.70760234
Luzula caespitosa;120821-04;120821-04b;Snowbed;6;0.003933641;0.75494071
Minuartia CF;310821-10;310821-10;Fellfield;1;0.009448819;0.4
Minuartia CF;310821-10;310821-10;Fellfield;2;0.006884682;0.2727273
Minuartia CF;310821-10;310821-10;Fellfield;3;0.007672634;0.1515152
Minuartia CF;310821-10;310821-10;Fellfield;4;0.00933956;0.2527473
Minuartia CF;310821-10;310821-10;Snowbed;1;0.003144654;0
Minuartia CF;310821-10;310821-10;Snowbed;2;0.003208556;0.3333333
Minuartia CF;310821-10;310821-10;Snowbed;3;0.003362475;0.1
Minuartia CF;310821-10;310821-10;Snowbed;4;0.003883495;0
Minuartia verna;300821-06;300821-06;Fellfield;1;0.01910828;0.3636364
Minuartia verna;300821-06;300821-06;Fellfield;2;0.0472103;0.5636364
Minuartia verna;300821-06;300821-06;Fellfield;3;0.050505051;0.6444444
Minuartia verna;300821-06;300821-06;Fellfield;4;0.053435115;0.7142857
Minuartia verna;300821-06;300821-06;Snowbed;1;0.010752688;0.5
Minuartia verna;300821-06;300821-06;Snowbed;2;0.00536193;0
Minuartia verna;300821-06;300821-06;Snowbed;3;0.0625;
Minuartia verna;300821-06;300821-06;Snowbed;4;0.006297229;0.1
Neochischkinia truncatula;240821-07;240821-07;Fellfield;1;0.076923077;1
Neochischkinia truncatula;240821-07;240821-07;Fellfield;2;0.072100313;0.9130435
Neochischkinia truncatula;240821-07;240821-07;Fellfield;3;0.076923077;1
Neochischkinia truncatula;240821-07;240821-07;Fellfield;4;0.076923077;1
Neochischkinia truncatula;240821-07;240821-07;Snowbed;1;0.071428571;0.9
Neochischkinia truncatula;240821-07;240821-07;Snowbed;2;0.071161049;0.8947368
Neochischkinia truncatula;240821-07;240821-07;Snowbed;3;0.067846608;0.8339921
Neochischkinia truncatula;240821-07;240821-07;Snowbed;4;0.076923077;1
Neochischkinia truncatula;240821-07;240821-07b;Fellfield;5;0.018181818;1
Neochischkinia truncatula;240821-07;240821-07b;Fellfield;6;0.01337386;0.7532468
Neochischkinia truncatula;240821-07;240821-07b;Snowbed;5;0.006067961;0.4666667
Neochischkinia truncatula;240821-07;240821-07b;Snowbed;6;0.005755396;0.3214286
Neochischkinia truncatula;250821-03;250821-03;Fellfield;1;0.033492823;0.8142857
Neochischkinia truncatula;250821-03;250821-03;Fellfield;2;0.076923077;1
Neochischkinia truncatula;250821-03;250821-03;Fellfield;3;0.071895425;0.9090909
Neochischkinia truncatula;250821-03;250821-03;Fellfield;4;0.076923077;1
Neochischkinia truncatula;250821-03;250821-03;Snowbed;1;0.056478405;0.6176471
Neochischkinia truncatula;250821-03;250821-03;Snowbed;2;0.054545455;0.5809524
Neochischkinia truncatula;250821-03;250821-03;Snowbed;3;0.049095607;0.5087719
Neochischkinia truncatula;250821-03;250821-03;Snowbed;4;0.02972973;0.4588745
Neochischkinia truncatula;250821-03;250821-03b;Fellfield;5;0.018181818;1
Neochischkinia truncatula;250821-03;250821-03b;Fellfield;6;0.018181818;1
Neochischkinia truncatula;250821-03;250821-03b;Snowbed;5;;
Neochischkinia truncatula;250821-03;250821-03b;Snowbed;6;0.004934211;0
Pedicularis pyrenaica;130921-04;130921-04;Fellfield;1;0.004597701;0
Pedicularis pyrenaica;130921-04;130921-04;Fellfield;2;0.004761905;0.1428571
Pedicularis pyrenaica;130921-04;130921-04;Fellfield;3;0.004845815;0.3090909
Pedicularis pyrenaica;130921-04;130921-04;Fellfield;4;0.005;1
Pedicularis pyrenaica;130921-04;130921-04;Snowbed;1;0.004347826;1
Pedicularis pyrenaica;130921-04;130921-04;Snowbed;2;0.0041841;0.4761905
Pedicularis pyrenaica;130921-04;130921-04;Snowbed;3;0.004265219;0.8181818
Pedicularis pyrenaica;130921-04;130921-04;Snowbed;4;0.004127967;0.5
Pedicularis pyrenaica;310821-04;310821-04;Fellfield;1;0.004545455;0.2380952
Pedicularis pyrenaica;310821-04;310821-04;Fellfield;2;0.004504505;0.1904762
Pedicularis pyrenaica;310821-04;310821-04;Fellfield;3;0.004604052;0.1
Pedicularis pyrenaica;310821-04;310821-04;Fellfield;4;0.004733728;0.5
Pedicularis pyrenaica;310821-04;310821-04;Snowbed;1;0.004299226;0.6
Pedicularis pyrenaica;310821-04;310821-04;Snowbed;2;0.004347826;1
Pedicularis pyrenaica;310821-04;310821-04;Snowbed;3;0.004235294;0.7777778
Pedicularis pyrenaica;310821-04;310821-04;Snowbed;4;0.004347826;1
Phalacrocarpum oppositifolium;110821-02;110821-02;Fellfield;1;0.013574661;0.3428571
Phalacrocarpum oppositifolium;110821-02;110821-02;Fellfield;2;0.024926686;0.7794118
Phalacrocarpum oppositifolium;110821-02;110821-02;Fellfield;3;0.027777778;0.2941176
Phalacrocarpum oppositifolium;110821-02;110821-02;Fellfield;4;0.020247469;0.2614379
Phalacrocarpum oppositifolium;110821-02;110821-02;Snowbed;1;0.014166667;0.3676471
Phalacrocarpum oppositifolium;110821-02;110821-02;Snowbed;2;0.010884354;0.225
Phalacrocarpum oppositifolium;110821-02;110821-02;Snowbed;3;0.057377049;0.7362637
Phalacrocarpum oppositifolium;110821-02;110821-02;Snowbed;4;0.026315789;1
Phalacrocarpum oppositifolium;120821-05;120821-05;Fellfield;1;0.01;0
Phalacrocarpum oppositifolium;120821-05;120821-05;Fellfield;2;0.02;0.3333333
Phalacrocarpum oppositifolium;120821-05;120821-05;Snowbed;1;0.00634058;0.3333333
Phalacrocarpum oppositifolium;120821-05;120821-05;Snowbed;2;0.01305483;0.4888889
Phalacrocarpum oppositifolium;240821-05;240821-05b;Fellfield;1;0.005016722;0.1960784
Phalacrocarpum oppositifolium;240821-05;240821-05b;Snowbed;1;0.004098361;1
Phalacrocarpum oppositifolium;250821-05;250821-05b;Fellfield;1;0.004642166;0.2575758
Phalacrocarpum oppositifolium;250821-05;250821-05b;Fellfield;2;0.004535147;0.2857143
Phalacrocarpum oppositifolium;250821-05;250821-05b;Snowbed;1;0.004098361;1
Phalacrocarpum oppositifolium;250821-05;250821-05b;Snowbed;2;0.004030904;0.8333333
Phyteuma hemisphaericum;240821-10;240821-10;Fellfield;1;0.004132231;
Phyteuma hemisphaericum;240821-10;240821-10;Fellfield;2;0.004385965;0.2
Phyteuma hemisphaericum;240821-10;240821-10;Fellfield;3;0.005018821;0.53571429
Phyteuma hemisphaericum;240821-10;240821-10;Fellfield;4;0.003700278;0
Phyteuma hemisphaericum;240821-10;240821-10;Snowbed;1;0.00380117;0.19230769
Phyteuma hemisphaericum;240821-10;240821-10;Snowbed;2;0.004341534;0.13333333
Phyteuma hemisphaericum;240821-10;240821-10;Snowbed;3;0.003454231;0
Phyteuma hemisphaericum;240821-10;240821-10;Snowbed;4;0.003502627;0.48888889
Phyteuma hemisphaericum;250821-07;250821-07;Fellfield;1;0.003875969;0.04761905
Phyteuma hemisphaericum;250821-07;250821-07;Fellfield;2;0.004385965;0.25454545
Phyteuma hemisphaericum;250821-07;250821-07;Fellfield;3;0.004336043;0.14285714
Phyteuma hemisphaericum;250821-07;250821-07;Fellfield;4;0.004464286;0.42857143
Phyteuma hemisphaericum;250821-07;250821-07;Snowbed;1;0.003539823;0.16666667
Phyteuma hemisphaericum;250821-07;250821-07;Snowbed;2;0.003629764;0.4
Phyteuma hemisphaericum;250821-07;250821-07;Snowbed;3;0.003630705;0.42857143
Phyteuma hemisphaericum;250821-07;250821-07;Snowbed;4;0.003661088;0.71428571
Phyteuma orbiculare;300921-02;300921-02;Fellfield;1;0.00462963;1
Phyteuma orbiculare;300921-02;300921-02;Fellfield;2;0.00462963;1
Phyteuma orbiculare;300921-02;300921-02;Fellfield;3;0.00462963;1
Phyteuma orbiculare;300921-02;300921-02;Snowbed;1;0.003937008;1
Phyteuma orbiculare;300921-02;300921-02;Snowbed;2;0.004464286;0.6666667
Phyteuma orbiculare;300921-02;300921-02;Snowbed;3;0.003696858;0
Plantago alpina;130921-08;130921-08;Fellfield;1;0.005208333;0.1985294
Plantago alpina;130921-08;130921-08;Fellfield;2;0.005411906;0.1633987
Plantago alpina;130921-08;130921-08;Fellfield;3;0.005229838;0.2222222
Plantago alpina;130921-08;130921-08;Snowbed;1;0.003952569;0.1397059
Plantago alpina;130921-08;130921-08;Snowbed;2;0.004071138;0.3040936
Plantago alpina;130921-08;130921-08;Snowbed;3;0.004356244;0.2777778
Plantago alpina;300821-15;300821-15;Fellfield;1;0.005813953;0.2210526
Plantago alpina;300821-15;300821-15;Fellfield;2;0.007060334;0.2424242
Plantago alpina;300821-15;300821-15;Fellfield;3;0.007326007;0.2282609
Plantago alpina;300821-15;300821-15;Fellfield;4;0.009611534;0.3333333
Plantago alpina;300821-15;300821-15;Snowbed;1;0.004084967;0.2366667
Plantago alpina;300821-15;300821-15;Snowbed;2;0.004141566;0.2207792
Plantago alpina;300821-15;300821-15;Snowbed;3;0.004105371;0.2028986
Plantago alpina;300821-15;300821-15;Snowbed;4;0.004142502;0.2433333
Plantago holosteum;240821-04;240821-04;Fellfield;1;0.071428571;1
Plantago holosteum;240821-04;240821-04;Fellfield;2;0.071428571;1
Plantago holosteum;240821-04;240821-04;Fellfield;3;0.071428571;1
Plantago holosteum;240821-04;240821-04;Fellfield;4;0.071428571;1
Plantago holosteum;240821-04;240821-04;Snowbed;1;0.071428571;1
Plantago holosteum;240821-04;240821-04;Snowbed;2;0.071428571;1
Plantago holosteum;240821-04;240821-04;Snowbed;3;0.071428571;1
Plantago holosteum;240821-04;240821-04;Snowbed;4;0.071428571;1
Plantago holosteum;240821-04;240821-04b;Fellfield;5;0.017857143;1
Plantago holosteum;240821-04;240821-04b;Fellfield;6;0.017857143;1
Plantago holosteum;240821-04;240821-04b;Snowbed;5;0.01065449;0.6619048
Plantago holosteum;240821-04;240821-04b;Snowbed;6;0.008219178;0.4565217
Plantago holosteum;250821-12;250821-12;Fellfield;1;0.024922118;0.8369565
Plantago holosteum;250821-12;250821-12;Fellfield;2;0.045454545;1
Plantago holosteum;250821-12;250821-12;Fellfield;3;0.025201613;0.8433333
Plantago holosteum;250821-12;250821-12;Fellfield;4;0.026123302;0.8433333
Plantago holosteum;250821-12;250821-12;Snowbed;1;0.045454545;1
Plantago holosteum;250821-12;250821-12;Snowbed;2;0.019716088;0.77
Plantago holosteum;250821-12;250821-12;Snowbed;3;0.019186493;0.77
Plantago holosteum;250821-12;250821-12;Snowbed;4;0.014068655;0.6433333
Plantago holosteum;250821-12;250821-12b;Fellfield;5;0.011380505;0.6284585
Plantago holosteum;250821-12;250821-12b;Fellfield;6;0.009393681;0.4718615
Plantago holosteum;250821-12;250821-12b;Snowbed;5;0.00394384;0.3266667
Plantago holosteum;250821-12;250821-12b;Snowbed;6;0.003957131;0.2427536
Ranunculus carianthiacus;310821-16;310821-16;Fellfield;1;0.003759398;1
Ranunculus carianthiacus;310821-16;310821-16;Snowbed;1;;
Salix fontqueri;140921-01;140921-01;Fellfield;1;;
Salix fontqueri;140921-01;140921-01;Snowbed;1;;
Saxifraga conifera;130921-09;130921-09;Fellfield;1;0.025236593;0.4583333
Saxifraga conifera;130921-09;130921-09;Fellfield;2;0.014778325;0.3181818
Saxifraga conifera;130921-09;130921-09;Fellfield;3;0.05704698;0.6176471
Saxifraga conifera;130921-09;130921-09;Fellfield;4;0.009964413;0.2307692
Saxifraga conifera;130921-09;130921-09;Snowbed;1;0.003397508;0.4444444
Saxifraga conifera;130921-09;130921-09;Snowbed;2;0.003023639;0.3636364
Saxifraga conifera;130921-09;130921-09;Snowbed;3;0.003008424;0.3
Saxifraga conifera;130921-09;130921-09;Snowbed;4;0.003404255;0.3083333
Saxifraga conifera;140921-08;140921-08;Fellfield;1;0.015873016;0.75
Saxifraga conifera;140921-08;140921-08;Fellfield;2;0.005839416;0.25
Saxifraga conifera;140921-08;140921-08;Fellfield;3;0.004845815;0.1090909
Saxifraga conifera;140921-08;140921-08;Snowbed;1;0.005054152;0.1904762
Saxifraga conifera;140921-08;140921-08;Snowbed;2;0.00306396;0.1583333
Saxifraga conifera;140921-08;140921-08;Snowbed;3;0.003005259;0.5
Saxifraga paniculata;310821-14;310821-14;Fellfield;1;0.004350405;0.3290043
Saxifraga paniculata;310821-14;310821-14;Fellfield;2;0.004482697;0.4733333
Saxifraga paniculata;310821-14;310821-14;Fellfield;3;0.004501859;0.5770751
Saxifraga paniculata;310821-14;310821-14;Fellfield;4;0.004405286;0.3478261
Saxifraga paniculata;310821-14;310821-14;Snowbed;1;0.003616637;0.5
Saxifraga paniculata;310821-14;310821-14;Snowbed;2;0.003620907;0.2371542
Saxifraga paniculata;310821-14;310821-14;Snowbed;3;0.00360774;0.2909091
Saxifraga paniculata;310821-14;310821-14;Snowbed;4;0.003484321;0.1809524
Scilla verna;310821-06;310821-06;Fellfield;1;0.002777778;
Scilla verna;310821-06;310821-06;Fellfield;2;;
Scilla verna;310821-06;310821-06;Fellfield;3;0.002777778;1
Scilla verna;310821-06;310821-06;Fellfield;4;0.002777778;1
Scilla verna;310821-06;310821-06;Fellfield;4;;
Scilla verna;310821-06;310821-06;Snowbed;1;0.002824859;
Scilla verna;310821-06;310821-06;Snowbed;2;0.002798982;0.4545455
Scilla verna;310821-06;310821-06;Snowbed;2;;
Scilla verna;310821-06;310821-06;Snowbed;3;0.002820874;0.2666667
Scilla verna;310821-06;310821-06;Snowbed;4;0.002782415;0.8
Sedum album;cf;300821-14;300821-14;Fellfield;1;
Sedum album;cf;300821-14;300821-14;Fellfield;2;
Sedum album;cf;300821-14;300821-14;Fellfield;3;
Sedum album;cf;300821-14;300821-14;Fellfield;4;
Sedum album;cf;300821-14;300821-14;Snowbed;1;
Sedum album;cf;300821-14;300821-14;Snowbed;2;
Sedum album;cf;300821-14;300821-14;Snowbed;3;
Sedum album;cf;300821-14;300821-14;Snowbed;4;
Sedum anglicum;240821-09;240821-09;Fellfield;1;0.013015184;0.18954248
Sedum anglicum;240821-09;240821-09;Fellfield;2;0.051771117;0.62573099
Sedum anglicum;240821-09;240821-09;Fellfield;3;0.015028178;0.33333333
Sedum anglicum;240821-09;240821-09;Fellfield;4;0.029619182;0.3952381
Sedum anglicum;240821-09;240821-09;Snowbed;1;0.026890756;0.425
Sedum anglicum;240821-09;240821-09;Snowbed;2;0.012789768;0.275
Sedum anglicum;240821-09;240821-09;Snowbed;3;0.020075282;0.275
Sedum anglicum;240821-09;240821-09;Snowbed;4;0.039513678;0.38461538
Sedum anglicum;240821-09;240821-09b;Fellfield;5;0.003690037;0.25
Sedum anglicum;240821-09;240821-09b;Fellfield;6;0.004017531;0.09090909
Sedum anglicum;240821-09;240821-09b;Snowbed;5;0.002901915;0.3
Sedum anglicum;240821-09;240821-09b;Snowbed;6;0.003198976;0.11111111
Sedum anglicum;250821-09;250821-09;Fellfield;1;0.006279435;0.08333333
Sedum anglicum;250821-09;250821-09;Fellfield;2;0.011503067;0.18095238
Sedum anglicum;250821-09;250821-09;Fellfield;3;0.013661202;0.1
Sedum anglicum;250821-09;250821-09;Fellfield;4;0.00653239;0.13636364
Sedum anglicum;250821-09;250821-09;Snowbed;1;0.007250129;0.23076923
Sedum anglicum;250821-09;250821-09;Snowbed;2;0.00648415;0.19444444
Sedum anglicum;250821-09;250821-09;Snowbed;3;0.005269321;0.11111111
Sedum anglicum;250821-09;250821-09;Snowbed;4;0.01532567;0.25
Sedum brevifolium;240821-11;240821-11;Fellfield;1;0.014994233;0.37179487
Sedum brevifolium;240821-11;240821-11;Fellfield;2;0.036649215;0.47142857
Sedum brevifolium;240821-11;240821-11;Fellfield;3;0.033707865;0.33333333
Sedum brevifolium;240821-11;240821-11;Fellfield;4;0.020696143;0.38961039
Sedum brevifolium;240821-11;240821-11;Snowbed;1;0.01396348;0.34615385
Sedum brevifolium;240821-11;240821-11;Snowbed;2;0.014705882;0.38235294
Sedum brevifolium;240821-11;240821-11;Snowbed;3;0.038548753;0.36764706
Sedum brevifolium;240821-11;240821-11;Snowbed;4;0.017612524;0.39869281
Sedum brevifolium;240821-11;240821-11b;Fellfield;5;;
Sedum brevifolium;240821-11;240821-11b;Fellfield;6;0.004;
Sedum brevifolium;240821-11;240821-11b;Snowbed;5;0.003663004;
Sedum brevifolium;240821-11;240821-11b;Snowbed;6;0.002808989;
Sedum brevifolium;250821-08;250821-08;Fellfield;1;0.005405405;0.07142857
Sedum brevifolium;250821-08;250821-08;Fellfield;2;0.005354752;0.16666667
Sedum brevifolium;250821-08;250821-08;Fellfield;3;0.018218623;0.44444444
Sedum brevifolium;250821-08;250821-08;Fellfield;4;0.004255319;0
Sedum brevifolium;250821-08;250821-08;Snowbed;1;0.003474233;0.06666667
Sedum brevifolium;250821-08;250821-08;Snowbed;2;0.003826531;0.13333333
Sedum brevifolium;250821-08;250821-08;Snowbed;3;0.003496503;1
Sedum brevifolium;250821-08;250821-08;Snowbed;4;0.00534188;0.2
Sempervivum arachnoideo;230921-02;230921-02;Fellfield;1;0.004580153;0.5238095
Sempervivum arachnoideo;230921-02;230921-02;Fellfield;2;0.004549214;0.3766234
Sempervivum arachnoideo;230921-02;230921-02;Fellfield;3;0.004528613;0.3160173
Sempervivum arachnoideo;230921-02;230921-02;Fellfield;4;0.004571656;0.4031621
Sempervivum arachnoideo;230921-02;230921-02;Snowbed;1;0.003787124;0.3508772
Sempervivum arachnoideo;230921-02;230921-02;Snowbed;2;0.003810184;0.3030303
Sempervivum arachnoideo;230921-02;230921-02;Snowbed;3;0.003822169;0.3391813
Sempervivum arachnoideo;230921-02;230921-02;Snowbed;4;0.003814064;0.5416667
Sempervivum arachnoideo;230921-04;230921-04;Fellfield;1;0.0046875;0.2904762
Sempervivum arachnoideo;230921-04;230921-04;Fellfield;2;0.004684838;0.2207792
Sempervivum arachnoideo;230921-04;230921-04;Fellfield;3;0.004641664;0.29
Sempervivum arachnoideo;230921-04;230921-04;Fellfield;4;0.004628656;0.2380952
Sempervivum arachnoideo;230921-04;230921-04;Snowbed;1;0.003832886;0.3111111
Sempervivum arachnoideo;230921-04;230921-04;Snowbed;2;0.003790087;0.4358974
Sempervivum arachnoideo;230921-04;230921-04;Snowbed;3;0.003803728;0.3263158
Sempervivum arachnoideo;230921-04;230921-04;Snowbed;4;0.003852822;0.4157895
Sesleria caerula;310821-03;310821-03;Fellfield;1;0.014686248;0.48051948
Sesleria caerula;310821-03;310821-03;Fellfield;2;0.018691589;0.51633987
Sesleria caerula;310821-03;310821-03;Fellfield;3;0.031481481;0.77941176
Sesleria caerula;310821-03;310821-03;Fellfield;4;0.03202847;0.47712418
Sesleria caerula;310821-03;310821-03;Snowbed;1;0.004998334;0.08571429
Sesleria caerula;310821-03;310821-03;Snowbed;2;0.004789272;0.14285714
Sesleria caerula;310821-03;310821-03;Snowbed;3;0.005129401;0.15151515
Sesleria caerula;310821-03;310821-03;Snowbed;4;0.0066313;0.14285714
Sesleria caerula;310821-03;310821-03b;Fellfield;5;0.003974563;0.14285714
Sesleria caerula;310821-03;310821-03b;Snowbed;5;0.003472222;0.4
Silene acaulis;130921-07;130921-07;Fellfield;1;0.004049844;0.07692308
Silene acaulis;130921-07;130921-07;Fellfield;2;0.009803922;0.4
Silene acaulis;130921-07;130921-07;Fellfield;3;0.003510221;0.19852941
Silene acaulis;130921-07;130921-07;Fellfield;4;0.003976143;0.15833333
Silene acaulis;130921-07;130921-07;Snowbed;1;0.005136986;0.13333333
Silene acaulis;130921-07;130921-07;Snowbed;2;0.003726129;0.17857143
Silene acaulis;130921-07;130921-07;Snowbed;3;0.003551697;0.11111111
Silene acaulis;130921-07;130921-07;Snowbed;4;0.004;0.06666667
Silene acaulis;140921-03;140921-03;Fellfield;1;0.003344482;0.16666667
Silene acaulis;140921-03;140921-03;Fellfield;2;0.004448399;0.3
Silene acaulis;140921-03;140921-03;Fellfield;3;0.003441156;0.6
Silene acaulis;140921-03;140921-03;Fellfield;4;0.003597122;0.05555556
Silene acaulis;140921-03;140921-03;Snowbed;1;0.003448276;0.33333333
Silene acaulis;140921-03;140921-03;Snowbed;2;0.005518764;0.4
Silene acaulis;140921-03;140921-03;Snowbed;3;0.003514938;0.35555556
Silene acaulis;140921-03;140921-03;Snowbed;4;0.003343363;0.15555556
Silene ciliata;140921-09;140921-09;Fellfield;1;0.005147656;0.1812865
Silene ciliata;140921-09;140921-09;Fellfield;2;0.005876068;0.1818182
Silene ciliata;140921-09;140921-09;Fellfield;3;0.0051089;0.128655
Silene ciliata;140921-09;140921-09;Fellfield;4;0.006164828;0.128655
Silene ciliata;140921-09;140921-09;Snowbed;1;0.004151531;0.1666667
Silene ciliata;140921-09;140921-09;Snowbed;2;0.004038772;0.1619048
Silene ciliata;140921-09;140921-09;Snowbed;3;0.003875969;0.2666667
Silene ciliata;140921-09;140921-09;Snowbed;4;0.003772636;0.2190476
Silene ciliata;230921-01;230921-01;Fellfield;1;0.004379186;0.4411765
Silene ciliata;230921-01;230921-01;Fellfield;2;0.004649361;0.2101449
Silene ciliata;230921-01;230921-01;Fellfield;3;0.00482601;0.2573099
Silene ciliata;230921-01;230921-01;Fellfield;4;0.004376368;0.3623188
Silene ciliata;230921-01;230921-01;Snowbed;1;0.003744493;0.4852941
Silene ciliata;230921-01;230921-01;Snowbed;2;0.003788531;0.1904762
Silene ciliata;230921-01;230921-01;Snowbed;3;0.003831418;0.3043478
Silene ciliata;230921-01;230921-01;Snowbed;4;0.003733543;0.619883
Silene ciliata;230921-03;230921-03;Fellfield;1;0.004213187;0.1894737
Silene ciliata;230921-03;230921-03;Fellfield;2;0.004441869;0.1660079
Silene ciliata;230921-03;230921-03;Fellfield;3;0.004498426;0.1789474
Silene ciliata;230921-03;230921-03;Fellfield;4;0.004524068;0.1866667
Silene ciliata;230921-03;230921-03;Snowbed;1;0.003782506;0.5289855
Silene ciliata;230921-03;230921-03;Snowbed;2;0.004018754;0.2934783
Silene ciliata;230921-03;230921-03;Snowbed;3;0.00376707;0.5144928
Silene ciliata;230921-03;230921-03;Snowbed;4;0.003809208;0.2371542
Silene ciliata;300821-11;300821-11;Fellfield;1;0.004431599;0.2332016
Silene ciliata;300821-11;300821-11;Fellfield;2;0.004528302;0.2644928
Silene ciliata;300821-11;300821-11;Fellfield;3;0.004423148;0.2173913
Silene ciliata;300821-11;300821-11;Fellfield;4;0.004440333;0.2246377
Silene ciliata;300821-11;300821-11;Snowbed;1;0.003851709;0.1557971
Silene ciliata;300821-11;300821-11;Snowbed;2;0.003864585;0.1833333
Silene ciliata;300821-11;300821-11;Snowbed;3;0.004015392;0.2101449
Silene ciliata;300821-11;300821-11;Snowbed;4;0.003775366;0.2862319
Solidago virgaurea;240821-08;240821-08;Fellfield;1;0.023114355;0.374269
Solidago virgaurea;240821-08;240821-08;Fellfield;2;0.054755043;0.5906433
Solidago virgaurea;240821-08;240821-08;Fellfield;3;0.044397463;0.4761905
Solidago virgaurea;240821-08;240821-08;Fellfield;4;0.051948052;0.5416667
Solidago virgaurea;240821-08;240821-08;Snowbed;1;0.004380476;0.6619048
Solidago virgaurea;240821-08;240821-08;Snowbed;2;0.005010737;0.5047619
Solidago virgaurea;240821-08;240821-08;Snowbed;3;0.004573519;0.5684211
Solidago virgaurea;240821-08;240821-08;Snowbed;4;0.005287897;0.5294118
Solidago virgaurea;240821-08;240821-08b;Fellfield;5;0.004528302;0.4545455
Solidago virgaurea;240821-08;240821-08b;Fellfield;6;0.004660798;0.4052288
Solidago virgaurea;240821-08;240821-08b;Snowbed;5;0.004020814;0.2426471
Solidago virgaurea;240821-08;240821-08b;Snowbed;6;0.003988397;0.1645022
Solidago virgaurea;250821-13;250821-13;Fellfield;1;0.01171459;0.3116883
Solidago virgaurea;250821-13;250821-13;Fellfield;2;0.012077295;0.4066667
Solidago virgaurea;250821-13;250821-13;Fellfield;3;0.011057692;0.2806324
Solidago virgaurea;250821-13;250821-13;Fellfield;4;0.020793951;0.6060606
Solidago virgaurea;250821-13;250821-13;Snowbed;1;0.004455446;0.1111111
Solidago virgaurea;250821-13;250821-13;Snowbed;2;0.004310345;0.3161765
Solidago virgaurea;250821-13;250821-13;Snowbed;3;0.004946628;0.3099415
Solidago virgaurea;250821-13;250821-13;Snowbed;4;0.004151292;0.5833333
Solidago virgaurea;250821-13;250821-13b;Fellfield;5;0.00466805;0.3398693
Solidago virgaurea;250821-13;250821-13b;Fellfield;6;0.004452777;0.1871345
Solidago virgaurea;250821-13;250821-13b;Snowbed;5;0.003803185;0.225
Solidago virgaurea;250821-13;250821-13b;Snowbed;6;0.00381971;0.2190476
Spergula morisonii;150721-01;150721-01;Fellfield;1;0.006432749;0.4
Spergula morisonii;150721-01;150721-01;Fellfield;2;0.022516556;0.7794118
Spergula morisonii;150721-01;150721-01;Fellfield;3;0.023357664;0.875
Spergula morisonii;150721-01;150721-01;Fellfield;4;0.01159618;0.6764706
Spergula morisonii;150721-01;150721-01;Snowbed;1;0.021367521;0.6571429
Spergula morisonii;150721-01;150721-01;Snowbed;2;0.024390244;1
Spergula morisonii;150721-01;150721-01;Snowbed;3;0.024390244;1
Spergula morisonii;150721-01;150721-01;Snowbed;4;0.023514851;0.8947368
Spergula morisonii;150721-01;150721-01b;Fellfield;5;0.008395522;0.7908497
Spergula morisonii;150721-01;150721-01b;Fellfield;6;0.00456621;0.6444444
Spergula morisonii;150721-01;150721-01b;Snowbed;5;0.003496503;1
Spergula morisonii;150721-01;150721-01b;Snowbed;6;0.004162331;0.5
Spergula morisonii;280721-01;280721-01;Fellfield;1;0.00862069;0.6
Spergula morisonii;280721-01;280721-01;Fellfield;2;0.010130246;0.4761905
Spergula morisonii;280721-01;280721-01;Fellfield;3;0.00742115;0.5
Spergula morisonii;280721-01;280721-01;Fellfield;4;0.024390244;
Spergula morisonii;280721-01;280721-01;Snowbed;1;0.024390244;1
Spergula morisonii;280721-01;280721-01;Snowbed;2;0.019736842;0.5
Spergula morisonii;280721-01;280721-01;Snowbed;3;0.015936255;0.5
Spergula morisonii;280721-01;280721-01;Snowbed;4;0.017123288;0.4
Thymus praecox;110821-05;110821-05;Fellfield;1;0.026509573;0.3660131
Thymus praecox;110821-05;110821-05;Fellfield;2;0.012048193;0.6545455
Thymus praecox;110821-05;110821-05;Fellfield;3;0.012793177;0.3398693
Thymus praecox;110821-05;110821-05;Fellfield;4;0.012677107;0.2867647
Thymus praecox;110821-05;110821-05;Snowbed;1;0.005052724;0.1185771
Thymus praecox;110821-05;110821-05;Snowbed;2;0.007287449;0.2222222
Thymus praecox;110821-05;110821-05;Snowbed;2;;
Thymus praecox;110821-05;110821-05;Snowbed;3;0.004958305;0.1168831
Thymus praecox;110821-05;110821-05;Snowbed;4;0.00669145;0.1944444
Thymus praecox;110821-05;110821-05b;Fellfield;5;0.003993856;0.2692308
Thymus praecox;110821-05;110821-05b;Fellfield;6;0.004055881;0.1764706
Thymus praecox;110821-05;110821-05b;Snowbed;5;0.003443526;0.6571429
Thymus praecox;110821-05;110821-05b;Snowbed;6;0.003410641;0.2952381
Thymus praecox;120821-06;120821-06;Fellfield;1;0.043554007;0.48
Thymus praecox;120821-06;120821-06;Fellfield;2;0.043554007;0.48
Thymus praecox;120821-06;120821-06;Fellfield;3;0.060869565;0.6190476
Thymus praecox;120821-06;120821-06;Fellfield;4;0.042553191;0.4705882
Thymus praecox;120821-06;120821-06;Snowbed;1;0.031806616;0.4433333
Thymus praecox;120821-06;120821-06;Snowbed;2;0.024665982;0.5326087
Thymus praecox;120821-06;120821-06;Snowbed;3;0.026474128;0.3896104
Thymus praecox;120821-06;120821-06;Snowbed;4;0.010123239;0.2924901
Thymus praecox;120821-06;120821-06b;Fellfield;5;0.004133299;0.2333333
Thymus praecox;120821-06;120821-06b;Fellfield;6;0.004018999;0.2727273
Thymus praecox;120821-06;120821-06b;Snowbed;5;0.003442653;0.4210526
Thymus praecox;120821-06;120821-06b;Snowbed;6;0.003450375;0.6691176
Thymus praecox;130921-10;130921-10;Fellfield;1;0.003847798;0.1503268
Thymus praecox;130921-10;130921-10;Fellfield;2;0.005370157;0.2087912
Thymus praecox;130921-10;130921-10;Fellfield;3;0.003904344;0.1333333
Thymus praecox;130921-10;130921-10;Fellfield;4;0.005215482;0.2923977
Thymus praecox;130921-10;130921-10;Snowbed;1;0.003286096;0.2333333
Thymus praecox;130921-10;130921-10;Snowbed;2;0.003430532;0.2222222
Thymus praecox;130921-10;130921-10;Snowbed;3;0.003243037;0.2058824
Thymus praecox;130921-10;130921-10;Snowbed;4;0.003222138;0.1691176
Thymus praecox;300821-07;300821-07;Fellfield;1;0.018134715;0.647619
Thymus praecox;300821-07;300821-07;Fellfield;2;0.016231475;0.5533597
Thymus praecox;300821-07;300821-07;Fellfield;3;0.012915129;0.452381
Thymus praecox;300821-07;300821-07;Fellfield;4;0.017293233;0.6798419
Thymus praecox;300821-07;300821-07;Snowbed;1;0.003474903;0.379085
Thymus praecox;300821-07;300821-07;Snowbed;2;0.003426334;0.2333333
Thymus praecox;300821-07;300821-07;Snowbed;3;0.003470883;0.3398693
Thymus praecox;300821-07;300821-07;Snowbed;4;0.003417505;0.2614379
Thymus praecox;300821-07;300821-07b;Fellfield;5;0.004006748;0.2163743
Thymus praecox;300821-07;300821-07b;Fellfield;6;0.003960396;0.2417582
Thymus praecox;300821-07;300821-07b;Snowbed;5;0.003372113;0.1894737
Thymus praecox;300821-07;300821-07b;Snowbed;6;0.003409795;0.3376623
