;community;species;abundance;family;code;recolection;incubator;total;viable;viablePER;total_germ;germPER;autumn_germ;winter_germ;spring_germ;summer_germ;t50lm;HS
1;Mediterranean;Agrostis tileni;0.43;Poaceae;250821-06;25/08/2021;Fellfield;66;9;13.64;9;100;0;0;100;0;225.4583333;574.3333333
2;Mediterranean;Agrostis tileni;0.43;Poaceae;250821-06;25/08/2021;Snowbed;75;5;6.67;5;100;0;0;80;20;301.6666667;817.5
3;Temperate;Androsace villosa;0.85;Primulaceae;300821-03;30/08/2021;Fellfield;100;98;98;0;0;0;0;0;0;NA;NA
4;Temperate;Androsace villosa;0.85;Primulaceae;300821-03;30/08/2021;Snowbed;100;99;99;0;0;0;0;0;0;NA;NA
5;Temperate;Androsace villosa;0.85;Primulaceae;310821-11;31/08/2021;Fellfield;100;90;90;0;0;0;0;0;0;NA;NA
6;Temperate;Androsace villosa;0.85;Primulaceae;310821-11;31/08/2021;Snowbed;100;87;87;2;2.3;0;0;0;2.3;NA;NA
7;Temperate;Anthyllis vulneraria;2.71;Fabaceae;300821-04;30/08/2021;Fellfield;100;13;13;1;7.69;7.69;7.69;0;0;NA;NA
8;Temperate;Anthyllis vulneraria;2.71;Fabaceae;300821-04;30/08/2021;Snowbed;100;35;35;2;5.71;5.71;5.71;0;0;NA;NA
9;Temperate;Anthyllis vulneraria;2.71;Fabaceae;310821-12;31/08/2021;Fellfield;100;24;24;2;8.33;4.17;4.17;0;4.17;NA;NA
10;Temperate;Anthyllis vulneraria;2.71;Fabaceae;310821-12;31/08/2021;Snowbed;100;40;40;0;0;0;0;0;0;NA;NA
11;Temperate;Arenaria erinacea;0.16;Caryophyllaceae;300821-08;30/08/2021;Fellfield;99;97;97.98;22;22.68;22.68;22.68;0;0;NA;NA
12;Temperate;Arenaria erinacea;0.16;Caryophyllaceae;300821-08;30/08/2021;Snowbed;100;97;97;3;3.09;2.06;2.06;0;1.03;NA;NA
13;Temperate;Arenaria moehringioides;0.04;Caryophyllaceae;140921-02;14/09/2021;Fellfield;60;52;86.67;24;46.15;3.85;3.85;38.46;3.85;272;1082.5
14;Temperate;Arenaria moehringioides;0.04;Caryophyllaceae;140921-02;14/09/2021;Snowbed;60;44;73.33;16;36.36;0;0;0;18.18;294;792
15;Temperate;Armeria cantabrica;1.37;Plumbaginaceae;130921-15;13/09/2021;Fellfield;91;71;78.02;66;92.96;1.41;1.41;56.34;35.21;251.9041667;836.375
16;Temperate;Armeria cantabrica;1.37;Plumbaginaceae;130921-15;13/09/2021;Snowbed;97;78;80.41;74;94.87;0;0;1.28;78.21;274.0069444;567
17;Temperate;Armeria cantabrica;1.37;Plumbaginaceae;140921-07;14/09/2021;Fellfield;11;4;36.36;4;100;0;0;75;25;224.5;472
18;Temperate;Armeria cantabrica;1.37;Plumbaginaceae;140921-07;14/09/2021;Snowbed;11;3;27.27;3;100;0;0;0;100;282;626.5
19;Mediterranean;Armeria duriaei;0.88;Plumbaginaceae;240821-01;24/08/2021;Fellfield;100;88;88;88;100;100;100;0;0;7.527402746;105.5
20;Mediterranean;Armeria duriaei;0.88;Plumbaginaceae;240821-01;24/08/2021;Snowbed;100;88;88;87;98.86;93.18;93.18;0;5.68;12.87441725;124.75
21;Mediterranean;Armeria duriaei;0.88;Plumbaginaceae;250821-01;25/08/2021;Fellfield;99;82;82.83;82;100;98.78;98.78;0;1.22;7.062280702;84.25
22;Mediterranean;Armeria duriaei;0.88;Plumbaginaceae;250821-01;25/08/2021;Snowbed;99;84;84.85;83;98.81;94.05;94.05;0;2.38;17.53882576;137.125
23;Temperate;Carex sempervirens;5.44;Cyperaceae;130921-02;13/09/2021;Fellfield;99;66;66.67;65;98.48;0;0;95.45;3.03;241.8833333;663
24;Temperate;Carex sempervirens;5.44;Cyperaceae;130921-02;13/09/2021;Snowbed;90;73;81.11;72;98.63;0;0;0;98.63;281.925;546.75
25;Temperate;Carex sempervirens;5.44;Cyperaceae;310821-13;31/08/2021;Fellfield;100;90;90;90;100;0;0;97.78;2.22;247.8291667;725
26;Temperate;Carex sempervirens;5.44;Cyperaceae;310821-13;31/08/2021;Snowbed;99;86;86.87;86;100;0;0;0;100;283.8737041;549.875
27;Mediterranean;Cerastium ramosissimum;0.04;Caryophyllaceae;150721-05;15/07/2021;Fellfield;100;95;95;20;21.05;21.05;21.05;0;0;NA;NA
28;Mediterranean;Cerastium ramosissimum;0.04;Caryophyllaceae;150721-05;15/07/2021;Snowbed;100;98;98;20;20.41;20.41;20.41;0;0;NA;NA
29;Mediterranean;Cerastium ramosissimum;0.04;Caryophyllaceae;280721-02;28/07/2021;Fellfield;100;88;88;74;84.09;82.95;82.95;0;1.14;48.83081232;800.25
30;Mediterranean;Cerastium ramosissimum;0.04;Caryophyllaceae;280721-02;28/07/2021;Snowbed;100;86;86;75;87.21;87.21;87.21;0;0;48.04311869;755.625
31;Mediterranean;Conopodium majus;0.33;Apiaceae;240821-03;24/08/2021;Fellfield;99;28;28.28;27;96.43;0;0;96.43;0;212.5916667;590.375
32;Mediterranean;Conopodium majus;0.33;Apiaceae;240821-03;24/08/2021;Snowbed;100;53;53;53;100;0;0;1.89;0;242.5089286;393.5
33;Mediterranean;Conopodium majus;0.33;Apiaceae;250821-04;25/08/2021;Fellfield;100;56;56;56;100;0;0;100;0;202.6166667;479
34;Mediterranean;Conopodium majus;0.33;Apiaceae;250821-04;25/08/2021;Snowbed;100;64;64;63;98.44;0;0;0;0;235.5083333;315
35;Temperate;Dethawia splendens;0.18;Apiaceae;310821-07;31/08/2021;Fellfield;79;59;74.68;56;94.92;0;0;94.92;0;212.93125;457.625
36;Temperate;Dethawia splendens;0.18;Apiaceae;310821-07;31/08/2021;Snowbed;76;49;64.47;49;100;0;0;6.12;2.04;230.4323427;251.875
37;Mediterranean;Dianthus langeanus;3.79;Caryophyllaceae;110821-01;11/08/2021;Fellfield;100;99;99;99;100;98.99;98.99;1.01;0;3.706715839;58
38;Mediterranean;Dianthus langeanus;3.79;Caryophyllaceae;110821-01;11/08/2021;Snowbed;100;95;95;95;100;100;100;0;0;3.270833333;47
39;Mediterranean;Dianthus langeanus;3.79;Caryophyllaceae;120821-02;12/08/2021;Fellfield;100;99;99;99;100;100;100;0;0;3.715710812;54
40;Mediterranean;Dianthus langeanus;3.79;Caryophyllaceae;120821-02;12/08/2021;Snowbed;100;97;97;97;100;94.85;94.85;0;0;7.501190476;93.5
41;Temperate;Erigeron alpinus;0.04;Asteraceae;310821-15;31/08/2021;Fellfield;100;98;98;98;100;0;0;100;0;219.75;463.875
42;Temperate;Erigeron alpinus;0.04;Asteraceae;310821-15;31/08/2021;Snowbed;100;99;99;99;100;0;0;83.84;13.13;261.6426471;325.125
43;Temperate;Euphrasia salisburgensis;0.04;Orobanchaceae;011021-01;01/10/2021;Fellfield;100;100;100;1;1;0;0;1;0;NA;NA
44;Temperate;Euphrasia salisburgensis;0.04;Orobanchaceae;011021-01;01/10/2021;Snowbed;100;100;100;1;1;0;0;0;0;NA;NA
45;Temperate;Euphrasia salisburgensis;0.04;Orobanchaceae;300921-01;30/09/2021;Fellfield;100;96;96;2;2.08;0;0;0;2.08;NA;NA
46;Temperate;Euphrasia salisburgensis;0.04;Orobanchaceae;300921-01;30/09/2021;Snowbed;100;99;99;0;0;0;0;0;0;NA;NA
47;Temperate;Festuca hystrix;0.43;Poaceae;130921-16;13/09/2021;Fellfield;20;17;85;17;100;94.12;94.12;5.88;0;19.52083333;169.5
48;Temperate;Festuca hystrix;0.43;Poaceae;130921-16;13/09/2021;Snowbed;20;19;95;14;73.68;42.11;42.11;0;15.79;217;161
49;Temperate;Festuca hystrix;0.43;Poaceae;300821-01;30/08/2021;Fellfield;14;8;57.14;8;100;100;100;0;0;10.66666667;120
50;Temperate;Festuca hystrix;0.43;Poaceae;300821-01;30/08/2021;Snowbed;14;4;28.57;4;100;100;100;0;0;28.66666667;195
51;Temperate;Festuca rubra;2.12;Poaceae;310821-02;31/08/2021;Fellfield;25;1;4;1;100;0;0;100;0;239.5;648
52;Mediterranean;Festuca summilusitana;20.26;Poaceae;240821-02;24/08/2021;Fellfield;100;59;59;59;100;100;100;0;0;14.32756133;174.75
53;Mediterranean;Festuca summilusitana;20.26;Poaceae;240821-02;24/08/2021;Snowbed;99;59;59.6;59;100;98.31;98.31;0;0;22.23755656;180
54;Mediterranean;Festuca summilusitana;20.26;Poaceae;250821-02;25/08/2021;Fellfield;100;42;42;42;100;100;100;0;0;22.47727273;264.375
55;Mediterranean;Festuca summilusitana;20.26;Poaceae;250821-02;25/08/2021;Snowbed;98;48;48.98;48;100;91.67;91.67;2.08;4.17;24.03084416;184.5
56;Temperate;Gentiana verna;0.1;Gentianaceae;130921-06;13/09/2021;Fellfield;100;56;56;9;16.07;0;0;16.07;0;NA;NA
57;Temperate;Gentiana verna;0.1;Gentianaceae;130921-06;13/09/2021;Snowbed;98;68;69.39;11;16.18;0;0;1.47;1.47;NA;NA
58;Temperate;Gentiana verna;0.1;Gentianaceae;140921-06;14/09/2021;Fellfield;99;75;75.76;1;1.33;0;0;1.33;0;NA;NA
59;Temperate;Gentiana verna;0.1;Gentianaceae;140921-06;14/09/2021;Snowbed;100;78;78;1;1.28;0;0;0;0;NA;NA
60;Temperate;Gentianella campestris;0.01;Gentianaceae;300921-03;30/09/2021;Fellfield;100;97;97;0;0;0;0;0;0;NA;NA
61;Temperate;Gentianella campestris;0.01;Gentianaceae;300921-03;30/09/2021;Snowbed;100;100;100;0;0;0;0;0;0;NA;NA
62;Temperate;Gypsophila repens;0.32;Caryophyllaceae;300821-10;30/08/2021;Fellfield;98;58;59.18;54;93.1;20.69;20.69;63.79;8.62;234.0625;600.125
63;Temperate;Gypsophila repens;0.32;Caryophyllaceae;300821-10;30/08/2021;Snowbed;98;73;74.49;73;100;0;0;0;100;286.5925245;580
64;Temperate;Gypsophila repens;0.32;Caryophyllaceae;310821-08;31/08/2021;Fellfield;100;92;92;91;98.91;14.13;14.13;77.17;7.61;226.4583333;531.875
65;Temperate;Gypsophila repens;0.32;Caryophyllaceae;310821-08;31/08/2021;Snowbed;100;95;95;92;96.84;2.11;2.11;15.79;74.74;277.0348402;466.25
66;Temperate;Helianthemum canum;2.29;Cistaceae;300821-05;30/08/2021;Fellfield;100;87;87;35;40.23;26.44;26.44;10.34;3.45;279;1245
67;Temperate;Helianthemum canum;2.29;Cistaceae;300821-05;30/08/2021;Snowbed;100;77;77;24;31.17;15.58;15.58;6.49;9.09;NA;NA
68;Temperate;Helianthemum canum;2.29;Cistaceae;310821-05;31/08/2021;Fellfield;100;78;78;14;17.95;11.54;11.54;1.28;5.13;NA;NA
69;Temperate;Helianthemum canum;2.29;Cistaceae;310821-05;31/08/2021;Snowbed;100;82;82;10;12.2;4.88;4.88;2.44;1.22;NA;NA
70;Temperate;Helianthemum urrielense;2.48;Cistaceae;130921-05;13/09/2021;Fellfield;100;16;16;6;37.5;31.25;31.25;0;6.25;15;161
71;Temperate;Helianthemum urrielense;2.48;Cistaceae;130921-05;13/09/2021;Snowbed;99;10;10.1;5;50;50;50;0;0;16;105.5
72;Temperate;Helianthemum urrielense;2.48;Cistaceae;140921-04;14/09/2021;Fellfield;98;9;9.18;9;100;100;100;0;0;11.63020833;109.625
73;Temperate;Helianthemum urrielense;2.48;Cistaceae;140921-04;14/09/2021;Snowbed;100;7;7;7;100;100;100;0;0;13.51041667;76.5
74;Mediterranean;Helictochloa marginata;0.41;Poaceae;240821-06;24/08/2021;Fellfield;30;4;13.33;4;100;25;25;75;0;142.75;582.25
75;Mediterranean;Helictochloa marginata;0.41;Poaceae;240821-06;24/08/2021;Snowbed;30;5;16.67;5;100;20;20;0;60;165.6770833;432.5
76;Temperate;Helictotrichon sedenense;1.04;Poaceae;300821-09;30/08/2021;Fellfield;93;14;15.05;14;100;7.14;7.14;92.86;0;229.5625;568.25
77;Temperate;Helictotrichon sedenense;1.04;Poaceae;300821-09;30/08/2021;Snowbed;94;20;21.28;20;100;0;0;0;15;231.58125;277
78;Temperate;Iberis carnosa;0.09;Brassicaceae;130921-12;13/09/2021;Fellfield;100;94;94;86;91.49;76.6;76.6;2.13;12.77;9.562956871;97.75
79;Temperate;Iberis carnosa;0.09;Brassicaceae;130921-12;13/09/2021;Snowbed;100;91;91;90;98.9;16.48;16.48;0;82.42;311.6736111;1005.875
80;Temperate;Jasione cavanillesii;0.04;Campanulaceae;130921-14;13/09/2021;Fellfield;60;35;58.33;20;57.14;0;0;54.29;2.86;226.25;491.5
81;Temperate;Jasione cavanillesii;0.04;Campanulaceae;130921-14;13/09/2021;Snowbed;60;31;51.67;15;48.39;0;0;9.68;38.71;272.2916667;474.25
82;Temperate;Jasione cavanillesii;0.04;Campanulaceae;140921-05;14/09/2021;Fellfield;45;28;62.22;0;0;0;0;0;0;NA;NA
83;Temperate;Jasione cavanillesii;0.04;Campanulaceae;140921-05;14/09/2021;Snowbed;45;16;35.56;1;6.25;0;0;0;6.25;NA;NA
84;Mediterranean;Jurinea humilis;0.41;Asteraceae;110821-06;11/08/2021;Fellfield;65;16;24.62;16;100;75;75;25;0;9.4875;141.5
85;Mediterranean;Jurinea humilis;0.41;Asteraceae;110821-06;11/08/2021;Snowbed;50;10;20;10;100;0;0;0;0;246.5;445.5
86;Mediterranean;Jurinea humilis;0.41;Asteraceae;120821-03;12/08/2021;Fellfield;73;18;24.66;18;100;88.89;88.89;11.11;0;9.933333333;141
87;Mediterranean;Jurinea humilis;0.41;Asteraceae;120821-03;12/08/2021;Snowbed;23;1;4.35;1;100;0;0;0;0;246.5;445.5
88;Temperate;Jurinea humilis;0.27;Asteraceae;310821-01;31/08/2021;Fellfield;50;7;14;7;100;42.86;42.86;57.14;0;119.5833333;376.25
89;Temperate;Jurinea humilis;0.27;Asteraceae;310821-01;31/08/2021;Snowbed;100;30;30;30;100;0;0;0;0;230.5;268.5
90;Temperate;Kobresia myosuroides;0.01;Cyperaceae;130921-03;13/09/2021;Fellfield;100;39;39;0;0;0;0;0;0;NA;NA
91;Temperate;Kobresia myosuroides;0.01;Cyperaceae;130921-03;13/09/2021;Snowbed;100;26;26;0;0;0;0;0;0;NA;NA
92;Temperate;Koeleria vallesiana;1.76;Poaceae;300821-02;30/08/2021;Fellfield;100;80;80;80;100;100;100;0;0;8.222222222;97
93;Temperate;Koeleria vallesiana;1.76;Poaceae;300821-02;30/08/2021;Snowbed;100;49;49;48;97.96;83.67;83.67;0;2.04;28.82094017;196.125
94;Temperate;Koeleria vallesiana;1.76;Poaceae;310821-09;31/08/2021;Fellfield;99;66;66.67;66;100;100;100;0;0;16.04444444;167
95;Temperate;Koeleria vallesiana;1.76;Poaceae;310821-09;31/08/2021;Snowbed;99;69;69.7;69;100;81.16;81.16;0;8.7;31.23541667;175.75
96;Mediterranean;Luzula caespitosa;15.35;Juncaceae;110821-03;11/08/2021;Fellfield;100;31;31;27;87.1;70.97;70.97;9.68;6.45;32.82142857;416
97;Mediterranean;Luzula caespitosa;15.35;Juncaceae;110821-03;11/08/2021;Snowbed;100;25;25;23;92;0;0;0;0;245.5669643;432.5
98;Mediterranean;Luzula caespitosa;15.35;Juncaceae;120821-04;12/08/2021;Fellfield;100;32;32;30;93.75;37.5;37.5;43.75;6.25;171.8819444;613.125
99;Mediterranean;Luzula caespitosa;15.35;Juncaceae;120821-04;12/08/2021;Snowbed;100;47;47;47;100;0;0;0;2.13;245.53125;432.5
100;Temperate;Minuartia CF;NA;Caryophyllaceae;310821-10;31/08/2021;Fellfield;100;99;99;44;44.44;25.25;25.25;14.14;5.05;227;534
101;Temperate;Minuartia CF;NA;Caryophyllaceae;310821-10;31/08/2021;Snowbed;100;100;100;14;14;0;0;5;8;NA;NA
102;Mediterranean;Minuartia recurva;0.37;Caryophyllaceae;110821-07;11/08/2021;Fellfield;100;92;92;92;100;100;100;0;0;8.397321429;125
103;Mediterranean;Minuartia recurva;0.37;Caryophyllaceae;110821-07;11/08/2021;Snowbed;100;88;88;88;100;71.59;71.59;27.27;0;23.53139569;256.25
104;Mediterranean;Minuartia recurva;0.37;Caryophyllaceae;120821-01;12/08/2021;Fellfield;100;97;97;97;100;98.97;98.97;1.03;0;3.644736842;50
105;Mediterranean;Minuartia recurva;0.37;Caryophyllaceae;120821-01;12/08/2021;Snowbed;100;94;94;94;100;88.3;88.3;8.51;0;4.566964286;63.25
106;Temperate;Minuartia verna;0.26;Caryophyllaceae;300821-06;30/08/2021;Fellfield;100;94;94;40;42.55;41.49;41.49;0;1.06;NA;NA
107;Temperate;Minuartia verna;0.26;Caryophyllaceae;300821-06;30/08/2021;Snowbed;100;95;95;12;12.63;8.42;8.42;1.05;3.16;NA;NA
108;Mediterranean;Neoschischkinia truncatula;0.58;Poaceae;240821-07;24/08/2021;Fellfield;100;96;96;93;96.88;96.88;96.88;0;0;6.795454545;82.625
109;Mediterranean;Neoschischkinia truncatula;0.58;Poaceae;240821-07;24/08/2021;Snowbed;100;91;91;84;92.31;92.31;92.31;0;0;7.444862155;65.5
110;Mediterranean;Neoschischkinia truncatula;0.58;Poaceae;250821-03;25/08/2021;Fellfield;100;85;85;78;91.76;90.59;90.59;0;1.18;6.81910659;84.25
111;Mediterranean;Neoschischkinia truncatula;0.58;Poaceae;250821-03;25/08/2021;Snowbed;97;83;85.57;73;87.95;86.75;86.75;0;1.2;10.13723776;86.125
112;Temperate;Pedicularis pyrenaica;0.09;Orobanchaceae;130921-04;13/09/2021;Fellfield;100;42;42;22;52.38;0;0;52.38;0;203.6666667;378.3333333
113;Temperate;Pedicularis pyrenaica;0.09;Orobanchaceae;130921-04;13/09/2021;Snowbed;100;58;58;24;41.38;0;0;0;5.17;249.45;334
114;Temperate;Pedicularis pyrenaica;0.09;Orobanchaceae;310821-04;31/08/2021;Fellfield;100;77;77;23;29.87;0;0;29.87;0;NA;NA
115;Temperate;Pedicularis pyrenaica;0.09;Orobanchaceae;310821-04;31/08/2021;Snowbed;100;90;90;21;23.33;0;0;0;1.11;NA;NA
116;Mediterranean;Phalacrocarpum oppositifolium;0.71;Asteraceae;110821-02;11/08/2021;Fellfield;100;69;69;68;98.55;94.2;94.2;4.35;0;31.27586806;381.625
117;Mediterranean;Phalacrocarpum oppositifolium;0.71;Asteraceae;110821-02;11/08/2021;Snowbed;100;61;61;61;100;90.16;90.16;0;0;29.28945313;240.625
118;Mediterranean;Phalacrocarpum oppositifolium;0.71;Asteraceae;120821-05;12/08/2021;Fellfield;24;7;29.17;6;85.71;71.43;71.43;0;0;49.27604167;521.75
119;Mediterranean;Phalacrocarpum oppositifolium;0.71;Asteraceae;120821-05;12/08/2021;Snowbed;24;17;70.83;17;100;64.71;64.71;0;0;134.9196429;316.5
120;Mediterranean;Phyteuma hemisphaericum;0.21;Campanulaceae;240821-10;24/08/2021;Fellfield;99;77;77.78;18;23.38;1.3;1.3;20.78;1.3;NA;NA
121;Mediterranean;Phyteuma hemisphaericum;0.21;Campanulaceae;240821-10;24/08/2021;Snowbed;93;74;79.57;31;41.89;1.35;1.35;20.27;13.51;284.5;547
122;Mediterranean;Phyteuma hemisphaericum;0.21;Campanulaceae;250821-07;25/08/2021;Fellfield;100;83;83;33;39.76;0;0;37.35;2.41;NA;NA
123;Mediterranean;Phyteuma hemisphaericum;0.21;Campanulaceae;250821-07;25/08/2021;Snowbed;99;89;89.9;24;26.97;0;0;21.35;4.49;NA;NA
124;Temperate;Phyteuma orbiculare;0.19;Campanulaceae;300921-02;30/09/2021;Fellfield;51;35;68.63;7;20;0;0;20;0;NA;NA
125;Temperate;Phyteuma orbiculare;0.19;Campanulaceae;300921-02;30/09/2021;Snowbed;47;28;59.57;10;35.71;0;0;10.71;7.14;NA;NA
126;Temperate;Plantago alpina;1.27;Plantaginaceae;130921-08;13/09/2021;Fellfield;60;54;90;54;100;12.96;12.96;87.04;0;194.6111111;300.5
127;Temperate;Plantago alpina;1.27;Plantaginaceae;130921-08;13/09/2021;Snowbed;60;46;76.67;45;97.83;2.17;2.17;28.26;4.35;231.8416667;181.1666667
128;Temperate;Plantago alpina;1.27;Plantaginaceae;300821-15;30/08/2021;Fellfield;100;90;90;90;100;38.89;38.89;60;1.11;157.4490385;368.25
129;Temperate;Plantago alpina;1.27;Plantaginaceae;300821-15;30/08/2021;Snowbed;100;96;96;96;100;0;0;30.21;1.04;237.25;269.5
130;Mediterranean;Plantago holosteum;0.36;Plantaginaceae;240821-04;24/08/2021;Fellfield;100;100;100;100;100;100;100;0;0;7;93.5
131;Mediterranean;Plantago holosteum;0.36;Plantaginaceae;240821-04;24/08/2021;Snowbed;100;100;100;100;100;100;100;0;0;7;67.5
132;Mediterranean;Plantago holosteum;0.36;Plantaginaceae;250821-12;25/08/2021;Fellfield;100;100;100;99;99;93;93;6;0;9.159337945;106.625
133;Mediterranean;Plantago holosteum;0.36;Plantaginaceae;250821-12;25/08/2021;Snowbed;100;100;100;98;98;87;87;7;3;9.795578063;75.375
134;Temperate;Ranunculus carinthiacus;0.17;Ranunculaceae;310821-16;31/08/2021;Fellfield;15;15;100;4;26.67;0;0;26.67;0;NA;NA
135;Temperate;Ranunculus carinthiacus;0.17;Ranunculaceae;310821-16;31/08/2021;Snowbed;15;15;100;0;0;0;0;0;0;NA;NA
136;Temperate;Salix breviserrata;0.03;Salicaceae;140921-01;14/09/2021;Fellfield;5;5;100;0;0;0;0;0;0;NA;NA
137;Temperate;Salix breviserrata;0.03;Salicaceae;140921-01;14/09/2021;Snowbed;5;5;100;0;0;0;0;0;0;NA;NA
138;Temperate;Saxifraga conifera;0.81;Saxifragaceae;130921-09;13/09/2021;Fellfield;98;61;62.24;59;96.72;85.25;85.25;1.64;9.84;17.05026709;158.375
139;Temperate;Saxifraga conifera;0.81;Saxifragaceae;130921-09;13/09/2021;Snowbed;100;58;58;41;70.69;5.17;5.17;0;65.52;327.7;1274.833333
140;Temperate;Saxifraga conifera;0.81;Saxifragaceae;140921-08;14/09/2021;Fellfield;59;31;52.54;27;87.1;48.39;48.39;0;38.71;108.0248016;518.6666667
141;Temperate;Saxifraga conifera;0.81;Saxifragaceae;140921-08;14/09/2021;Snowbed;60;39;65;27;69.23;7.69;7.69;0;61.54;327.5;1294.5
142;Temperate;Saxifraga paniculata;0.03;Saxifragaceae;310821-14;31/08/2021;Fellfield;100;97;97;94;96.91;0;0;96.91;0;222.0175886;499.875
143;Temperate;Saxifraga paniculata;0.03;Saxifragaceae;310821-14;31/08/2021;Snowbed;100;89;89;53;59.55;0;0;20.22;39.33;283.5198413;551.5
144;Temperate;Scilla verna;0.04;Asparagaceae;310821-06;31/08/2021;Fellfield;100;96;96;10;10.42;0;0;0;10.42;NA;NA
145;Temperate;Scilla verna;0.04;Asparagaceae;310821-06;31/08/2021;Snowbed;100;98;98;28;28.57;0;0;0;28.57;NA;NA
146;Temperate;Sedum album cf;0.03;Crassulaceae;300821-14;30/08/2021;Fellfield;100;97;97;0;0;0;0;0;0;NA;NA
147;Temperate;Sedum album cf;0.03;Crassulaceae;300821-14;30/08/2021;Snowbed;100;94;94;0;0;0;0;0;0;NA;NA
148;Mediterranean;Sedum anglicum;0.08;Crassulaceae;240821-09;24/08/2021;Fellfield;100;95;95;82;86.32;75.79;75.79;2.11;3.16;18.76423611;214.75
149;Mediterranean;Sedum anglicum;0.08;Crassulaceae;240821-09;24/08/2021;Snowbed;100;94;94;61;64.89;59.57;59.57;3.19;2.13;33.84027778;241.375
150;Mediterranean;Sedum anglicum;0.08;Crassulaceae;250821-09;25/08/2021;Fellfield;100;76;76;48;63.16;38.16;38.16;13.16;7.89;148.6805556;371.8333333
151;Mediterranean;Sedum anglicum;0.08;Crassulaceae;250821-09;25/08/2021;Snowbed;100;90;90;40;44.44;27.78;27.78;6.67;10;298.5;789
152;Mediterranean;Sedum brevifolium;1.8;Crassulaceae;240821-11;24/08/2021;Fellfield;100;89;89;68;76.4;71.91;71.91;3.37;1.12;75.04807692;352.625
153;Mediterranean;Sedum brevifolium;1.8;Crassulaceae;240821-11;24/08/2021;Snowbed;95;90;94.74;65;72.22;64.44;64.44;2.22;5.56;84.89285714;240.625
154;Mediterranean;Sedum brevifolium;1.8;Crassulaceae;250821-08;25/08/2021;Fellfield;99;93;93.94;24;25.81;11.83;11.83;13.98;0;NA;NA
155;Mediterranean;Sedum brevifolium;1.8;Crassulaceae;250821-08;25/08/2021;Snowbed;100;93;93;20;21.51;4.3;4.3;1.08;16.13;NA;NA
156;Mediterranean;Sempervivum arachnoideum;0.27;Crassulaceae;230921-02;23/09/2021;Fellfield;99;86;86.87;82;95.35;0;0;94.19;1.16;214.0733974;370
157;Mediterranean;Sempervivum arachnoideum;0.27;Crassulaceae;230921-02;23/09/2021;Snowbed;100;85;85;76;89.41;0;0;11.76;77.65;259.4943182;347
158;Mediterranean;Sempervivum arachnoideum;0.27;Crassulaceae;230921-04;23/09/2021;Fellfield;100;93;93;90;96.77;0;0;96.77;0;211.4305556;348.5
159;Mediterranean;Sempervivum arachnoideum;0.27;Crassulaceae;230921-04;23/09/2021;Snowbed;100;87;87;63;72.41;0;0;11.49;60.92;260.0833333;355
160;Temperate;Sesleria caerula;NA;Poaceae;310821-03;31/08/2021;Fellfield;100;75;75;75;100;93.33;93.33;5.33;1.33;25.07852564;267.75
161;Temperate;Sesleria caerula;NA;Poaceae;310821-03;31/08/2021;Snowbed;99;69;69.7;67;97.1;36.23;36.23;1.45;43.48;195.434375;304.625
162;Temperate;Silene acaulis;1.45;Caryophyllaceae;130921-07;13/09/2021;Fellfield;100;85;85;52;61.18;10.59;10.59;7.06;43.53;303.9166667;1601.5
163;Temperate;Silene acaulis;1.45;Caryophyllaceae;130921-07;13/09/2021;Snowbed;100;89;89;29;32.58;3.37;3.37;1.12;23.6;NA;NA
164;Temperate;Silene acaulis;1.45;Caryophyllaceae;140921-03;14/09/2021;Fellfield;99;65;65.66;23;35.38;1.54;1.54;6.15;27.69;NA;NA
165;Temperate;Silene acaulis;1.45;Caryophyllaceae;140921-03;14/09/2021;Snowbed;100;83;83;29;34.94;2.41;2.41;0;32.53;288;692.5
166;Temperate;Silene ciliata;0.45;Caryophyllaceae;140921-09;14/09/2021;Fellfield;100;90;90;79;87.78;20;20;67.78;0;202.75625;311.375
167;Temperate;Silene ciliata;0.45;Caryophyllaceae;140921-09;14/09/2021;Snowbed;100;82;82;61;74.39;3.66;3.66;50;6.1;253.13125;267
168;Mediterranean;Silene ciliata;0.47;Caryophyllaceae;230921-01;23/09/2021;Fellfield;100;93;93;84;90.32;2.15;2.15;86.02;2.15;196.5291667;257.875
169;Mediterranean;Silene ciliata;0.47;Caryophyllaceae;230921-01;23/09/2021;Snowbed;100;87;87;82;94.25;0;0;77.01;8.05;242.6020833;192.75
170;Mediterranean;Silene ciliata;0.47;Caryophyllaceae;230921-03;23/09/2021;Fellfield;100;98;98;88;89.8;0;0;87.76;2.04;201.2291667;278.875
171;Mediterranean;Silene ciliata;0.47;Caryophyllaceae;230921-03;23/09/2021;Snowbed;100;99;99;95;95.96;1.01;1.01;82.83;3.03;238.934232;176
172;Temperate;Silene ciliata;0.45;Caryophyllaceae;300821-11;30/08/2021;Fellfield;100;98;98;95;96.94;0;0;96.94;0;218.9861111;497.25
173;Temperate;Silene ciliata;0.45;Caryophyllaceae;300821-11;30/08/2021;Snowbed;100;100;100;97;97;0;0;62;7;258.4527778;326.875
174;Mediterranean;Solidago virgaurea;0.02;Asteraceae;240821-08;24/08/2021;Fellfield;98;75;76.53;75;100;97.33;97.33;2.67;0;11.75459957;143.125
175;Mediterranean;Solidago virgaurea;0.02;Asteraceae;240821-08;24/08/2021;Snowbed;96;80;83.33;80;100;13.75;13.75;1.25;0;236.4775264;325.5
176;Mediterranean;Solidago virgaurea;0.02;Asteraceae;250821-13;25/08/2021;Fellfield;100;92;92;92;100;71.74;71.74;28.26;0;18.05297619;205.625
177;Mediterranean;Solidago virgaurea;0.02;Asteraceae;250821-13;25/08/2021;Snowbed;96;54;56.25;54;100;11.11;11.11;16.67;0;234.0690476;285.625
178;Mediterranean;Spergula morisonii;0.02;Caryophyllaceae;150721-01;15/07/2021;Fellfield;100;75;75;61;81.33;76;76;2.67;2.67;47.01964286;740.875
179;Mediterranean;Spergula morisonii;0.02;Caryophyllaceae;150721-01;15/07/2021;Snowbed;99;84;84.85;74;88.1;88.1;88.1;0;0;25.72240497;425
180;Mediterranean;Spergula morisonii;0.02;Caryophyllaceae;280721-01;28/07/2021;Fellfield;68;37;54.41;17;45.95;37.84;37.84;0;8.11;288.6333333;2469
181;Mediterranean;Spergula morisonii;0.02;Caryophyllaceae;280721-01;28/07/2021;Snowbed;68;41;60.29;24;58.54;58.54;58.54;0;0;46.58333333;693.1666667
182;Mediterranean;Thymus praecox;0.81;Lamiaceae;110821-05;11/08/2021;Fellfield;100;65;65;64;98.46;81.54;81.54;13.85;3.08;18.62673611;252.25
183;Mediterranean;Thymus praecox;0.81;Lamiaceae;110821-05;11/08/2021;Snowbed;100;72;72;72;100;44.44;44.44;19.44;31.94;153.84375;394.5
184;Mediterranean;Thymus praecox;0.81;Lamiaceae;120821-06;12/08/2021;Fellfield;100;90;90;89;98.89;98.89;98.89;0;0;9.026442308;129
185;Mediterranean;Thymus praecox;0.81;Lamiaceae;120821-06;12/08/2021;Snowbed;99;94;94.95;94;100;89.36;89.36;1.06;9.57;12.89803922;137.25
186;Temperate;Thymus praecox;2.65;Lamiaceae;130921-10;13/09/2021;Fellfield;100;68;68;67;98.53;19.12;19.12;70.59;8.82;232.7916667;566.5
187;Temperate;Thymus praecox;2.65;Lamiaceae;130921-10;13/09/2021;Snowbed;95;69;72.63;68;98.55;1.45;1.45;5.8;91.3;278.515625;514.875
188;Temperate;Thymus praecox;2.65;Lamiaceae;300821-07;30/08/2021;Fellfield;100;89;89;88;98.88;85.39;85.39;11.24;1.12;10.71517028;122.875
189;Temperate;Thymus praecox;2.65;Lamiaceae;300821-07;30/08/2021;Snowbed;98;76;77.55;75;98.68;0;0;69.74;28.95;271.39375;403.5
