species;code;incubator;petridish;total;viable;viablePER;germPER;Mid_November;Wintergerm;Mid_June;Mid_September;t50lm;HS;coldstratgerm;Uncertainty
Agrostis tileni;250821-06;Fellfield;2;22;2;9.09;100;0;0;100;0;213.5;496.5;100;0
Agrostis tileni;250821-06;Fellfield;3;22;5;22.73;100;0;0;100;0;214.38;501;100;0.721
Agrostis tileni;250821-06;Fellfield;4;22;2;9.09;100;0;0;100;0;248.5;744;100;0
Agrostis tileni;250821-06;Snowbed;1;25;1;4;100;0;0;0;100;272;410;100;0
Agrostis tileni;250821-06;Snowbed;3;25;1;4;100;0;0;0;100;361;1634.5;100;0
Agrostis tileni;250821-06;Snowbed;4;25;3;12;100;0;0;0;100;272;410;100;0
Androsace villosa;300821-03;Fellfield;1;25;24;96;0;0;0;0;0;NA;NA;0;0
Androsace villosa;300821-03;Fellfield;2;25;25;100;0;0;0;0;0;NA;NA;0;0
Androsace villosa;300821-03;Fellfield;3;25;25;100;0;0;0;0;0;NA;NA;0;0
Androsace villosa;300821-03;Fellfield;4;25;24;96;0;0;0;0;0;NA;NA;0;0
Androsace villosa;300821-03;Snowbed;1;25;25;100;0;0;0;0;0;NA;NA;0;0
Androsace villosa;300821-03;Snowbed;2;25;24;96;0;0;0;0;0;NA;NA;0;0
Androsace villosa;300821-03;Snowbed;3;25;25;100;0;0;0;0;0;NA;NA;0;0
Androsace villosa;300821-03;Snowbed;4;25;25;100;0;0;0;0;0;NA;NA;0;0
Androsace villosa;310821-11;Fellfield;1;25;23;92;0;0;0;0;0;NA;NA;0;0
Androsace villosa;310821-11;Fellfield;2;25;22;88;0;0;0;0;0;NA;NA;0;0
Androsace villosa;310821-11;Fellfield;3;25;22;88;0;0;0;0;0;NA;NA;0;0
Androsace villosa;310821-11;Fellfield;4;25;23;92;0;0;0;0;0;NA;NA;0;0
Androsace villosa;310821-11;Snowbed;1;25;22;88;4.55;0;0;0;4.55;NA;NA;100;0
Androsace villosa;310821-11;Snowbed;2;25;22;88;0;0;0;0;0;NA;NA;0;0
Androsace villosa;310821-11;Snowbed;3;25;22;88;4.55;0;0;0;4.55;NA;NA;100;0
Androsace villosa;310821-11;Snowbed;4;25;21;84;0;0;0;0;0;NA;NA;0;0
Anthyllis vulneraria;300821-04;Fellfield;1;25;3;12;0;0;0;0;0;NA;NA;0;0
Anthyllis vulneraria;300821-04;Fellfield;2;25;3;12;0;0;0;0;0;NA;NA;0;0
Anthyllis vulneraria;300821-04;Fellfield;3;25;4;16;0;0;0;0;0;NA;NA;0;0
Anthyllis vulneraria;300821-04;Fellfield;4;25;3;12;33.33;33.33;0;0;0;NA;NA;0;0
Anthyllis vulneraria;300821-04;Snowbed;1;25;7;28;0;0;0;0;0;NA;NA;0;0
Anthyllis vulneraria;300821-04;Snowbed;2;25;8;32;12.5;12.5;0;0;0;NA;NA;0;0
Anthyllis vulneraria;300821-04;Snowbed;3;25;13;52;7.69;7.69;0;0;0;NA;NA;0;0
Anthyllis vulneraria;300821-04;Snowbed;4;25;7;28;0;0;0;0;0;NA;NA;0;0
Anthyllis vulneraria;310821-12;Fellfield;1;25;7;28;0;0;0;0;0;NA;NA;0;0
Anthyllis vulneraria;310821-12;Fellfield;2;25;6;24;0;0;0;0;0;NA;NA;0;0
Anthyllis vulneraria;310821-12;Fellfield;3;25;6;24;0;0;0;0;0;NA;NA;0;0
Anthyllis vulneraria;310821-12;Fellfield;4;25;5;20;40;20;0;0;20;NA;NA;50;1
Anthyllis vulneraria;310821-12;Snowbed;1;25;14;56;0;0;0;0;0;NA;NA;0;0
Anthyllis vulneraria;310821-12;Snowbed;2;25;5;20;0;0;0;0;0;NA;NA;0;0
Anthyllis vulneraria;310821-12;Snowbed;3;25;11;44;0;0;0;0;0;NA;NA;0;0
Anthyllis vulneraria;310821-12;Snowbed;4;25;10;40;0;0;0;0;0;NA;NA;0;0
Arenaria erinacea;300821-08;Fellfield;1;25;25;100;28;28;0;0;0;NA;NA;0;0.985
Arenaria erinacea;300821-08;Fellfield;2;25;24;96;25;25;0;0;0;NA;NA;0;1.459
Arenaria erinacea;300821-08;Fellfield;3;24;23;95.83;21.74;21.74;0;0;0;NA;NA;0;0.971
Arenaria erinacea;300821-08;Fellfield;4;25;25;100;16;16;0;0;0;NA;NA;0;1
Arenaria erinacea;300821-08;Snowbed;1;25;24;96;0;0;0;0;0;NA;NA;0;0
Arenaria erinacea;300821-08;Snowbed;2;25;25;100;4;0;0;0;4;NA;NA;100;0
Arenaria erinacea;300821-08;Snowbed;3;25;25;100;4;4;0;0;0;NA;NA;0;0
Arenaria erinacea;300821-08;Snowbed;4;25;23;92;4.35;4.35;0;0;0;NA;NA;0;0
Arenaria moehringioides;140921-02;Fellfield;1;20;19;95;47.37;0;0;42.11;5.26;NA;NA;100;2.503
Arenaria moehringioides;140921-02;Fellfield;2;20;18;90;50;0;0;38.89;11.11;272;1076.5;100;2.059
Arenaria moehringioides;140921-02;Fellfield;3;20;15;75;40;13.33;0;26.67;0;NA;NA;66.68;1.918
Arenaria moehringioides;140921-02;Snowbed;1;20;14;70;42.86;0;21.43;0;21.43;NA;NA;100;1.792
Arenaria moehringioides;140921-02;Snowbed;2;20;16;80;18.75;0;12.5;0;6.25;NA;NA;100;0.918
Arenaria moehringioides;140921-02;Snowbed;3;20;14;70;50;0;21.43;0;28.57;294;783.5;100;2.522
Armeria cantabrica;130921-15;Fellfield;1;25;21;84;80.95;4.76;0;19.05;57.14;281.17;1223.5;94.12;3.293
Armeria cantabrica;130921-15;Fellfield;2;21;17;80.95;100;0;0;29.41;70.59;241.8;674.5;100;1.736
Armeria cantabrica;130921-15;Fellfield;3;22;17;77.27;100;0;0;70.59;29.41;222.9;452.5;100;2.89
Armeria cantabrica;130921-15;Fellfield;4;23;16;69.57;93.75;0;0;31.25;62.5;261.75;972;100;2.923
Armeria cantabrica;130921-15;Snowbed;1;25;23;92;95.65;0;34.78;4.35;56.52;273.83;468.5;100;2.607
Armeria cantabrica;130921-15;Snowbed;2;24;19;79.17;100;0;0;0;100;285;753;100;2.866
Armeria cantabrica;130921-15;Snowbed;3;23;19;82.61;84.21;0;5.26;0;78.95;280.25;675.5;100;2.656
Armeria cantabrica;130921-15;Snowbed;4;25;17;68;100;0;17.65;0;82.35;256.94;335;100;2.012
Armeria cantabrica;140921-07;Fellfield;1;11;4;36.36;100;0;0;75;25;224.5;473.5;100;1.5
Armeria cantabrica;140921-07;Snowbed;1;11;3;27.27;100;0;0;0;100;282;618.5;100;1.585
Armeria duriaei;240821-01;Fellfield;1;25;22;88;100;100;0;0;0;8.11;118;0;0.7
Armeria duriaei;240821-01;Fellfield;2;25;22;88;100;100;0;0;0;7.7;104;0;0.439
Armeria duriaei;240821-01;Fellfield;3;25;24;96;100;100;0;0;0;7.3;104;0;0.25
Armeria duriaei;240821-01;Fellfield;4;25;20;80;100;100;0;0;0;7;104;0;0
Armeria duriaei;240821-01;Snowbed;1;25;21;84;95.24;80.95;0;0;14.29;25;231.5;15;1.59
Armeria duriaei;240821-01;Snowbed;2;25;22;88;100;90.91;0;0;9.09;11.85;121;9.09;1.477
Armeria duriaei;240821-01;Snowbed;3;25;23;92;100;100;0;0;0;7.32;81;0;0.258
Armeria duriaei;240821-01;Snowbed;4;25;22;88;100;100;0;0;0;7.33;81;0;0.267
Armeria duriaei;250821-01;Fellfield;1;25;19;76;100;100;0;0;0;7.6;92;0;0.742
Armeria duriaei;250821-01;Fellfield;2;25;20;80;100;100;0;0;0;6.32;79.5;0;0.286
Armeria duriaei;250821-01;Fellfield;3;24;20;83.33;100;95;0;0;5;6.67;79.5;5;0.569
Armeria duriaei;250821-01;Fellfield;4;25;23;92;100;100;0;0;0;7.67;92;0;0.755
Armeria duriaei;250821-01;Snowbed;1;25;18;72;94.44;77.78;11.11;0;5.56;28.36;216.5;17.64;1.452
Armeria duriaei;250821-01;Snowbed;2;24;20;83.33;100;95;0;0;5;7.5;65.5;5;0.884
Armeria duriaei;250821-01;Snowbed;3;25;23;92;100;100;0;0;0;16.67;136;0;0.932
Armeria duriaei;250821-01;Snowbed;4;25;23;92;100;100;0;0;0;17.63;143.5;0;0.887
Carex sempervirens;130921-02;Fellfield;1;25;20;80;100;0;0;85;15;248.2;729;100;1.923
Carex sempervirens;130921-02;Fellfield;2;25;20;80;100;0;0;95;5;237;615;100;1.461
Carex sempervirens;130921-02;Fellfield;3;25;14;56;92.86;0;0;92.86;0;246.33;707;100;0.89
Carex sempervirens;130921-02;Fellfield;4;24;12;50;100;0;0;83.33;16.67;236;605.5;100;1.551
Carex sempervirens;130921-02;Snowbed;1;25;21;84;100;0;0;0;100;279.9;507;100;1.28
Carex sempervirens;130921-02;Snowbed;2;25;20;80;100;0;0;0;100;282;547.5;100;1.361
Carex sempervirens;130921-02;Snowbed;3;23;20;86.96;100;0;0;0;100;284.8;574.5;100;0.992
Carex sempervirens;130921-02;Snowbed;4;17;12;70.59;91.67;0;0;0;91.67;281;534;100;1.241
Carex sempervirens;310821-13;Fellfield;1;25;24;96;100;0;0;83.33;16.67;250;756;100;2.517
Carex sempervirens;310821-13;Fellfield;2;25;22;88;100;0;0;95.45;4.55;246.83;714;100;2.065
Carex sempervirens;310821-13;Fellfield;3;25;25;100;100;0;0;96;4;248.58;734;100;2.072
Carex sempervirens;310821-13;Fellfield;4;25;19;76;100;0;0;100;0;245.9;704;100;1.557
Carex sempervirens;310821-13;Snowbed;1;25;23;92;100;0;0;0;100;281.83;516;100;0.426
Carex sempervirens;310821-13;Snowbed;2;25;18;72;100;0;0;0;100;290;634.5;100;1.542
Carex sempervirens;310821-13;Snowbed;3;25;25;100;100;0;0;0;100;281.98;516;100;0.064
Carex sempervirens;310821-13;Snowbed;4;24;20;83.33;100;0;0;0;100;281.68;516;100;0.286
Cerastium sp;150721-05;Fellfield;1;25;25;100;24;24;0;0;0;NA;NA;0;0
Cerastium sp;150721-05;Fellfield;2;25;21;84;14.29;14.29;0;0;0;NA;NA;0;0
Cerastium sp;150721-05;Fellfield;3;25;24;96;12.5;12.5;0;0;0;NA;NA;0;0
Cerastium sp;150721-05;Fellfield;4;25;25;100;32;32;0;0;0;NA;NA;0;0
Cerastium sp;150721-05;Snowbed;1;25;25;100;20;20;0;0;0;NA;NA;0;0
Cerastium sp;150721-05;Snowbed;2;25;25;100;20;20;0;0;0;NA;NA;0;0.971
Cerastium sp;150721-05;Snowbed;3;25;25;100;16;16;0;0;0;NA;NA;0;0
Cerastium sp;150721-05;Snowbed;4;25;23;92;26.09;26.09;0;0;0;NA;NA;0;1
Cerastium sp;280721-02;Fellfield;1;25;24;96;83.33;83.33;0;0;0;54.53;881;0;0.811
Cerastium sp;280721-02;Fellfield;2;25;24;96;79.17;75;0;0;4.17;41;694;5.27;1.167
Cerastium sp;280721-02;Fellfield;3;25;22;88;77.27;77.27;0;0;0;45.14;758;0;0.977
Cerastium sp;280721-02;Fellfield;4;25;18;72;100;100;0;0;0;54.65;881;0;0.31
Cerastium sp;280721-02;Snowbed;1;25;23;92;73.91;73.91;0;0;0;52.28;810.5;0;0.998
Cerastium sp;280721-02;Snowbed;2;25;20;80;100;100;0;0;0;43.64;711;0;0.993
Cerastium sp;280721-02;Snowbed;3;25;24;96;83.33;83.33;0;0;0;46.8;747.5;0;1
Cerastium sp;280721-02;Snowbed;4;25;19;76;94.74;94.74;0;0;0;49.46;779;0;0.918
Conopodium majus;240821-03;Fellfield;1;25;6;24;83.33;0;33.33;50;0;216.5;615;100;1.522
Conopodium majus;240821-03;Fellfield;2;25;6;24;100;0;50;50;0;213;604.5;100;1.459
Conopodium majus;240821-03;Fellfield;3;25;12;48;100;0;83.33;16.67;0;210.2;597;100;0.817
Conopodium majus;240821-03;Fellfield;4;24;4;16.67;100;0;75;25;0;210.67;597;100;0.811
Conopodium majus;240821-03;Snowbed;1;25;10;40;100;0;100;0;0;242.5;406.5;100;0
Conopodium majus;240821-03;Snowbed;2;25;12;48;100;0;100;0;0;242.5;406.5;100;0
Conopodium majus;240821-03;Snowbed;3;25;16;64;100;0;100;0;0;242.5;406.5;100;0
Conopodium majus;240821-03;Snowbed;4;25;15;60;100;0;93.33;0;6.67;242.54;406.5;100;0.353
Conopodium majus;250821-04;Fellfield;1;25;12;48;100;0;100;0;0;202.5;490.5;100;0
Conopodium majus;250821-04;Fellfield;2;25;12;48;100;0;100;0;0;202.5;490.5;100;0
Conopodium majus;250821-04;Fellfield;3;25;15;60;100;0;100;0;0;202.5;490.5;100;0
Conopodium majus;250821-04;Fellfield;4;25;17;68;100;0;88.24;11.76;0;202.97;490.5;100;0.64
Conopodium majus;250821-04;Snowbed;1;25;16;64;93.75;0;93.75;0;0;235.53;325.5;100;0
Conopodium majus;250821-04;Snowbed;2;25;18;72;100;0;100;0;0;235.5;325.5;100;0
Conopodium majus;250821-04;Snowbed;3;25;16;64;100;0;100;0;0;235.5;325.5;100;0
Conopodium majus;250821-04;Snowbed;4;25;14;56;100;0;100;0;0;235.5;325.5;100;0
Dethawia splendens;310821-07;Fellfield;1;20;13;65;84.62;0;0;84.62;0;225.25;526;100;1.868
Dethawia splendens;310821-07;Fellfield;2;20;17;85;100;0;11.76;88.24;0;210.38;451;100;2.278
Dethawia splendens;310821-07;Fellfield;3;19;14;73.68;100;0;7.14;92.86;0;208;442;100;1.832
Dethawia splendens;310821-07;Fellfield;4;20;15;75;93.33;0;13.33;80;0;208.1;442;100;2.121
Dethawia splendens;310821-07;Snowbed;1;19;12;63.16;100;0;100;0;0;228.6;260;100;0.65
Dethawia splendens;310821-07;Snowbed;2;18;13;72.22;100;0;100;0;0;228.59;260;100;0.619
Dethawia splendens;310821-07;Snowbed;3;20;14;70;100;0;100;0;0;228.54;260;100;0.371
Dethawia splendens;310821-07;Snowbed;4;19;10;52.63;100;0;60;30;10;236;261;100;2.446
Dianthus langeanus;110821-01;Fellfield;1;25;25;100;100;96;0;4;0;5;83;4;1.159
Dianthus langeanus;110821-01;Fellfield;2;25;24;96;100;100;0;0;0;3.13;51;0;0.25
Dianthus langeanus;110821-01;Fellfield;3;25;25;100;100;100;0;0;0;3.13;51;0;0.242
Dianthus langeanus;110821-01;Fellfield;4;25;25;100;100;100;0;0;0;3.57;51;0;0.634
Dianthus langeanus;110821-01;Snowbed;1;25;25;100;100;100;0;0;0;3.13;51;0;0.242
Dianthus langeanus;110821-01;Snowbed;2;25;23;92;100;100;0;0;0;3.83;51;0;0.755
Dianthus langeanus;110821-01;Snowbed;3;25;22;88;100;100;0;0;0;3;51;0;0
Dianthus langeanus;110821-01;Snowbed;4;25;25;100;100;100;0;0;0;3.13;51;0;0.242
Dianthus langeanus;120821-02;Fellfield;1;25;25;100;100;100;0;0;0;4.69;67;0;1.124
Dianthus langeanus;120821-02;Fellfield;2;25;24;96;100;100;0;0;0;3.79;51;0;0.89
Dianthus langeanus;120821-02;Fellfield;3;25;25;100;100;100;0;0;0;3.13;51;0;0.242
Dianthus langeanus;120821-02;Fellfield;4;25;25;100;100;100;0;0;0;3.26;51;0;0.402
Dianthus langeanus;120821-02;Snowbed;1;25;24;96;100;87.5;12.5;0;0;17.6;215.5;12.5;1.919
Dianthus langeanus;120821-02;Snowbed;2;25;25;100;100;100;0;0;0;3.57;51;0;0.634
Dianthus langeanus;120821-02;Snowbed;3;25;25;100;100;92;8;0;0;5;77;8;1.26
Dianthus langeanus;120821-02;Snowbed;4;25;23;92;100;100;0;0;0;3.83;51;0;0.755
Erigeron alpinus;310821-15;Fellfield;1;25;24;96;100;0;0;100;0;223;489;100;1.406
Erigeron alpinus;310821-15;Fellfield;2;25;25;100;100;0;0;100;0;213.5;433.5;100;2.016
Erigeron alpinus;310821-15;Fellfield;3;25;25;100;100;0;0;100;0;221.25;477;100;2.148
Erigeron alpinus;310821-15;Fellfield;4;25;24;96;100;0;0;100;0;221.25;477;100;1.807
Erigeron alpinus;310821-15;Snowbed;1;25;25;100;100;0;8;16;76;265.2;349.5;100;2.104
Erigeron alpinus;310821-15;Snowbed;2;25;24;96;100;0;0;25;75;262.82;330;100;1.206
Erigeron alpinus;310821-15;Snowbed;3;25;25;100;100;0;4;44;52;260.4;317;100;1.713
Erigeron alpinus;310821-15;Snowbed;4;25;25;100;100;0;0;68;32;258.15;304;100;0.904
Euphrasia salisburgensis;011021-01;Fellfield;1;25;25;100;0;0;0;0;0;NA;NA;0;0
Euphrasia salisburgensis;011021-01;Fellfield;2;25;25;100;4;0;0;4;0;NA;NA;100;0
Euphrasia salisburgensis;011021-01;Fellfield;3;25;25;100;0;0;0;0;0;NA;NA;0;0
Euphrasia salisburgensis;011021-01;Fellfield;4;25;25;100;0;0;0;0;0;NA;NA;0;0
Euphrasia salisburgensis;011021-01;Snowbed;1;25;25;100;4;0;4;0;0;NA;NA;100;0
Euphrasia salisburgensis;011021-01;Snowbed;2;25;25;100;0;0;0;0;0;NA;NA;0;0
Euphrasia salisburgensis;011021-01;Snowbed;3;25;25;100;0;0;0;0;0;NA;NA;0;0
Euphrasia salisburgensis;011021-01;Snowbed;4;25;25;100;0;0;0;0;0;NA;NA;0;0
Euphrasia salisburgensis;300921-01;Fellfield;1;25;24;96;0;0;0;0;0;NA;NA;0;0
Euphrasia salisburgensis;300921-01;Fellfield;2;25;25;100;4;0;0;0;4;NA;NA;100;0
Euphrasia salisburgensis;300921-01;Fellfield;3;25;24;96;4.17;0;0;0;4.17;NA;NA;100;0
Euphrasia salisburgensis;300921-01;Fellfield;4;25;23;92;0;0;0;0;0;NA;NA;0;0
Euphrasia salisburgensis;300921-01;Snowbed;1;25;24;96;0;0;0;0;0;NA;NA;0;0
Euphrasia salisburgensis;300921-01;Snowbed;2;25;25;100;0;0;0;0;0;NA;NA;0;0
Euphrasia salisburgensis;300921-01;Snowbed;3;25;25;100;0;0;0;0;0;NA;NA;0;0
Euphrasia salisburgensis;300921-01;Snowbed;4;25;25;100;0;0;0;0;0;NA;NA;0;0
Festuca hystrix;130921-16;Fellfield;1;20;17;85;100;94.12;0;5.88;0;19.52;174;5.88;0.64
Festuca hystrix;130921-16;Snowbed;1;20;19;95;73.68;42.11;15.79;0;15.79;217;168;42.85;1.753
Festuca hystrix;300821-01;Fellfield;1;14;8;57.14;100;100;0;0;0;10.67;121;0;0.811
Festuca hystrix;300821-01;Snowbed;1;14;4;28.57;100;100;0;0;0;28.67;199;0;0.811
Festuca rubra;310821-02;Fellfield;1;25;1;4;100;0;0;100;0;239.5;651;100;0
Festuca summilusitana;240821-02;Fellfield;1;25;17;68;100;100;0;0;0;15.11;192;0;0.998
Festuca summilusitana;240821-02;Fellfield;2;25;17;68;100;100;0;0;0;10.82;132.5;0;1.166
Festuca summilusitana;240821-02;Fellfield;3;25;15;60;100;100;0;0;0;11.67;145;0;0.971
Festuca summilusitana;240821-02;Fellfield;4;25;10;40;100;100;0;0;0;19.71;238;0;0.881
Festuca summilusitana;240821-02;Snowbed;1;25;14;56;100;100;0;0;0;24.77;199.5;0;0.371
Festuca summilusitana;240821-02;Snowbed;2;24;16;66.67;100;93.75;6.25;0;0;24.77;199.5;6.25;0.993
Festuca summilusitana;240821-02;Snowbed;3;25;11;44;100;100;0;0;0;16;142;0;1.346
Festuca summilusitana;240821-02;Snowbed;4;25;18;72;100;100;0;0;0;23.41;192.5;0;0.31
Festuca summilusitana;250821-02;Fellfield;1;25;13;52;100;100;0;0;0;21;254;0;0.991
Festuca summilusitana;250821-02;Fellfield;2;25;12;48;100;100;0;0;0;22.91;265;0;0.414
Festuca summilusitana;250821-02;Fellfield;3;25;8;32;100;100;0;0;0;24;287;0;1.299
Festuca summilusitana;250821-02;Fellfield;4;25;9;36;100;100;0;0;0;22;265;0;0.986
Festuca summilusitana;250821-02;Snowbed;1;25;14;56;100;85.71;7.14;0;7.14;26;204.5;14.29;1.292
Festuca summilusitana;250821-02;Snowbed;2;25;15;60;100;100;0;0;0;22.71;178.5;0;0.353
Festuca summilusitana;250821-02;Snowbed;3;23;7;30.43;100;85.71;0;0;14.29;24.5;192.5;14.29;1.664
Festuca summilusitana;250821-02;Snowbed;4;25;12;48;100;91.67;0;0;8.33;22.91;178.5;8.33;0.414
Gentiana verna;130921-06;Fellfield;1;25;14;56;14.29;0;0;14.29;0;NA;NA;100;0
Gentiana verna;130921-06;Fellfield;2;25;17;68;29.41;0;0;29.41;0;NA;NA;100;1.922
Gentiana verna;130921-06;Fellfield;3;25;9;36;11.11;0;0;11.11;0;NA;NA;100;0
Gentiana verna;130921-06;Fellfield;4;25;16;64;6.25;0;0;6.25;0;NA;NA;100;0
Gentiana verna;130921-06;Snowbed;1;25;15;60;20;0;13.33;6.67;0;NA;NA;100;0.918
Gentiana verna;130921-06;Snowbed;2;25;17;68;35.29;0;29.41;0;5.88;NA;NA;100;0.65
Gentiana verna;130921-06;Snowbed;3;25;21;84;4.76;0;4.76;0;0;NA;NA;100;0
Gentiana verna;130921-06;Snowbed;4;23;15;65.22;6.67;0;6.67;0;0;NA;NA;100;0
Gentiana verna;140921-06;Fellfield;1;25;20;80;0;0;0;0;0;NA;NA;0;0
Gentiana verna;140921-06;Fellfield;2;24;17;70.83;5.88;0;0;5.88;0;NA;NA;100;0
Gentiana verna;140921-06;Fellfield;3;25;17;68;0;0;0;0;0;NA;NA;0;0
Gentiana verna;140921-06;Fellfield;4;25;21;84;0;0;0;0;0;NA;NA;0;0
Gentiana verna;140921-06;Snowbed;1;25;19;76;0;0;0;0;0;NA;NA;0;0
Gentiana verna;140921-06;Snowbed;2;25;19;76;5.26;0;5.26;0;0;NA;NA;100;0
Gentiana verna;140921-06;Snowbed;3;25;21;84;0;0;0;0;0;NA;NA;0;0
Gentiana verna;140921-06;Snowbed;4;25;19;76;0;0;0;0;0;NA;NA;0;0
Gentianella campestris;300921-03;Fellfield;1;25;25;100;0;0;0;0;0;NA;NA;0;0
Gentianella campestris;300921-03;Fellfield;2;25;25;100;0;0;0;0;0;NA;NA;0;0
Gentianella campestris;300921-03;Fellfield;3;25;22;88;0;0;0;0;0;NA;NA;0;0
Gentianella campestris;300921-03;Fellfield;4;25;25;100;0;0;0;0;0;NA;NA;0;0
Gentianella campestris;300921-03;Snowbed;1;25;25;100;0;0;0;0;0;NA;NA;0;0
Gentianella campestris;300921-03;Snowbed;2;25;25;100;0;0;0;0;0;NA;NA;0;0
Gentianella campestris;300921-03;Snowbed;3;25;25;100;0;0;0;0;0;NA;NA;0;0
Gentianella campestris;300921-03;Snowbed;4;25;25;100;0;0;0;0;0;NA;NA;0;0
Gypsophila repens;300821-10;Fellfield;1;25;15;60;100;13.33;0;66.67;20;233.5;597;86.67;2.33
Gypsophila repens;300821-10;Fellfield;2;25;10;40;100;30;0;70;0;229;563;70;1.846
Gypsophila repens;300821-10;Fellfield;3;25;15;60;100;13.33;0;80;6.67;237.75;632;86.67;3.057
Gypsophila repens;300821-10;Fellfield;4;23;18;78.26;77.78;27.78;0;44.44;5.56;236;622.5;64.28;2.067
Gypsophila repens;300821-10;Snowbed;1;23;20;86.96;100;0;0;0;100;296.88;711.5;100;0.61
Gypsophila repens;300821-10;Snowbed;2;25;14;56;100;0;0;0;100;287.88;584;100;1.264
Gypsophila repens;300821-10;Snowbed;3;25;19;76;100;0;0;0;100;284.08;545;100;1.581
Gypsophila repens;300821-10;Snowbed;4;25;20;80;100;0;0;0;100;277.53;462.5;100;0.748
Gypsophila repens;310821-08;Fellfield;1;25;23;92;100;8.7;0;86.96;4.35;229.63;555;91.3;2.131
Gypsophila repens;310821-08;Fellfield;2;25;24;96;100;0;0;91.67;8.33;229.5;555;100;1.797
Gypsophila repens;310821-08;Fellfield;3;25;23;92;95.65;34.78;0;56.52;4.35;217.38;482.5;63.64;2.309
Gypsophila repens;310821-08;Fellfield;4;25;22;88;100;13.64;0;72.73;13.64;229.33;555;86.36;2.423
Gypsophila repens;310821-08;Snowbed;1;25;25;100;92;0;4;0;88;281.5;516;100;2.143
Gypsophila repens;310821-08;Snowbed;2;25;24;96;100;4.17;8.33;4.17;83.33;274.73;435;95.83;2.385
Gypsophila repens;310821-08;Snowbed;3;25;24;96;95.83;4.17;0;0;91.67;277.14;468;95.65;2.453
Gypsophila repens;310821-08;Snowbed;4;25;22;88;100;0;4.55;4.54;90.91;274.77;435;100;1.966
Helianthemum canum;300821-05;Fellfield;1;25;23;92;30.43;13.04;0;8.7;8.7;NA;NA;57.15;2.522
Helianthemum canum;300821-05;Fellfield;2;25;18;72;50;33.33;0;16.67;0;237;635;33.34;0.918
Helianthemum canum;300821-05;Fellfield;3;25;22;88;50;40.91;0;4.55;4.55;321;1853;18.18;1.278
Helianthemum canum;300821-05;Fellfield;4;25;24;96;33.33;20.83;0;12.5;0;NA;NA;37.5;1.75
Helianthemum canum;300821-05;Snowbed;1;25;18;72;33.33;11.11;0;0;22.22;NA;NA;66.67;1.918
Helianthemum canum;300821-05;Snowbed;2;25;18;72;33.33;16.67;0;5.56;11.11;NA;NA;49.98;2.252
Helianthemum canum;300821-05;Snowbed;3;25;22;88;27.27;18.18;0;4.55;4.55;NA;NA;33.33;1.918
Helianthemum canum;300821-05;Snowbed;4;25;19;76;31.58;15.79;0;5.26;10.53;NA;NA;50;2.252
Helianthemum canum;310821-05;Fellfield;1;25;19;76;15.79;0;0;0;15.79;NA;NA;100;1.585
Helianthemum canum;310821-05;Fellfield;2;25;19;76;26.32;26.32;0;0;0;NA;NA;0;1.371
Helianthemum canum;310821-05;Fellfield;3;25;19;76;10.53;10.53;0;0;0;NA;NA;0;0
Helianthemum canum;310821-05;Fellfield;4;25;21;84;19.05;9.52;0;4.76;4.76;NA;NA;50.03;2
Helianthemum canum;310821-05;Snowbed;1;25;24;96;0;0;0;0;0;NA;NA;0;0
Helianthemum canum;310821-05;Snowbed;2;25;20;80;20;0;15;0;5;NA;NA;100;1.2
Helianthemum canum;310821-05;Snowbed;3;25;16;64;6.25;0;0;0;6.25;NA;NA;100;0
Helianthemum canum;310821-05;Snowbed;4;25;22;88;22.73;18.18;0;4.55;0;NA;NA;20.02;1.371
Helianthemum urrielense;130921-05;Fellfield;1;25;6;24;33.33;16.67;0;0;16.67;NA;NA;49.98;1
Helianthemum urrielense;130921-05;Fellfield;2;25;5;20;40;40;0;0;0;NA;NA;0;0
Helianthemum urrielense;130921-05;Fellfield;3;25;3;12;33.33;33.33;0;0;0;NA;NA;0;0
Helianthemum urrielense;130921-05;Fellfield;4;25;2;8;50;50;0;0;0;15;163;0;0
Helianthemum urrielense;130921-05;Snowbed;1;25;1;4;0;0;0;0;0;NA;NA;0;0
Helianthemum urrielense;130921-05;Snowbed;2;25;1;4;100;100;0;0;0;22;142;0;0
Helianthemum urrielense;130921-05;Snowbed;3;25;4;16;75;75;0;0;0;10;72.5;0;0
Helianthemum urrielense;130921-05;Snowbed;4;24;4;16.67;25;25;0;0;0;NA;NA;0;0
Helianthemum urrielense;140921-04;Fellfield;1;23;1;4.35;100;100;0;0;0;6.5;66;0;0
Helianthemum urrielense;140921-04;Fellfield;2;25;5;20;100;100;0;0;0;20.52;185;0;1.371
Helianthemum urrielense;140921-04;Fellfield;3;25;1;4;100;100;0;0;0;6.5;66;0;0
Helianthemum urrielense;140921-04;Fellfield;4;25;2;8;100;100;0;0;0;13;132.5;0;1
Helianthemum urrielense;140921-04;Snowbed;1;25;1;4;100;100;0;0;0;6.5;42;0;0
Helianthemum urrielense;140921-04;Snowbed;2;25;2;8;100;100;0;0;0;20.52;115.5;0;0
Helianthemum urrielense;140921-04;Snowbed;3;25;1;4;100;100;0;0;0;6.5;42;0;0
Helianthemum urrielense;140921-04;Snowbed;4;25;3;12;100;100;0;0;0;20.52;115.5;0;0
Helictochloa marginata;240821-06;Fellfield;1;15;2;13.33;100;0;0;100;0;252.5;800;100;0
Helictochloa marginata;240821-06;Fellfield;2;15;2;13.33;100;50;0;50;0;33;375;50;1
Helictochloa marginata;240821-06;Snowbed;1;15;4;26.67;100;0;25;0;75;288.33;580;100;0.811
Helictochloa marginata;240821-06;Snowbed;2;15;1;6.67;100;100;0;0;0;43.02;290.5;0;0
Helictotrichon sedenense;300821-09;Fellfield;1;25;4;16;100;0;0;100;0;230;575.5;100;1
Helictotrichon sedenense;300821-09;Fellfield;2;24;3;12.5;100;0;0;100;0;233.5;601;100;0
Helictotrichon sedenense;300821-09;Fellfield;3;23;4;17.39;100;0;0;100;0;230;575.5;100;1
Helictotrichon sedenense;300821-09;Fellfield;4;21;3;14.29;100;33.33;0;66.67;0;224.75;539.5;66.67;0.918
Helictotrichon sedenense;300821-09;Snowbed;1;24;5;20.83;100;0;100;0;0;231.5;285.5;100;0
Helictotrichon sedenense;300821-09;Snowbed;2;24;3;12.5;100;0;100;0;0;231.5;285.5;100;0
Helictotrichon sedenense;300821-09;Snowbed;3;22;5;22.73;100;0;80;0;20;231.63;285.5;100;0.722
Helictotrichon sedenense;300821-09;Snowbed;4;24;7;29.17;100;0;71.43;0;28.57;231.7;285.5;100;1.149
Iberis carnosa;130921-12;Fellfield;1;25;20;80;100;90;0;0;10;8.75;90;10;1.022
Iberis carnosa;130921-12;Fellfield;2;25;24;96;91.67;83.33;0;0;8.33;8.84;90;9.1;0.791
Iberis carnosa;130921-12;Fellfield;3;25;25;100;84;72;0;0;12;9.72;101;14.29;0.818
Iberis carnosa;130921-12;Fellfield;4;25;25;100;92;64;0;8;20;10.94;112;30.43;1.567
Iberis carnosa;130921-12;Snowbed;1;25;23;92;100;17.39;0;0;82.61;327.75;1232;82.61;2.492
Iberis carnosa;130921-12;Snowbed;2;25;21;84;100;14.29;0;0;85.71;311;998;85.71;2.784
Iberis carnosa;130921-12;Snowbed;3;25;24;96;95.83;8.33;0;0;87.5;316.44;1071.5;91.31;2.761
Iberis carnosa;130921-12;Snowbed;4;25;23;92;100;26.09;0;0;73.91;291.5;691.5;73.91;3.084
Jasione cavanillesii;130921-14;Fellfield;1;20;9;45;33.33;0;0;33.33;0;NA;NA;100;1.585
Jasione cavanillesii;130921-14;Fellfield;2;20;12;60;58.33;0;0;58.33;0;228;512;100;1.95
Jasione cavanillesii;130921-14;Fellfield;3;20;14;70;71.43;0;0;64.29;7.14;224.5;473.5;100;2.17
Jasione cavanillesii;130921-14;Snowbed;1;20;9;45;55.56;0;0;0;55.56;270.83;447.5;100;1.371
Jasione cavanillesii;130921-14;Snowbed;2;20;13;65;30.77;0;0;0;30.77;NA;NA;100;0.811
Jasione cavanillesii;130921-14;Snowbed;3;20;9;45;66.67;0;0;11.11;55.56;273.75;488;100;2.252
Jasione cavanillesii;140921-05;Fellfield;1;15;11;73.33;0;0;0;0;0;NA;NA;0;0
Jasione cavanillesii;140921-05;Fellfield;2;15;6;40;0;0;0;0;0;NA;NA;0;0
Jasione cavanillesii;140921-05;Fellfield;3;15;11;73.33;0;0;0;0;0;NA;NA;0;0
Jasione cavanillesii;140921-05;Snowbed;1;15;7;46.67;0;0;0;0;0;NA;NA;0;0
Jasione cavanillesii;140921-05;Snowbed;2;15;5;33.33;20;0;0;0;20;NA;NA;100;0
Jasione cavanillesii;140921-05;Snowbed;3;15;4;26.67;0;0;0;0;0;NA;NA;0;0
Jurinea humilis;110821-06;Fellfield;1;16;2;12.5;100;100;0;0;0;11;168;0;1
Jurinea humilis;110821-06;Fellfield;2;16;3;18.75;100;66.67;0;33.33;0;8.25;126;33.33;0.918
Jurinea humilis;110821-06;Fellfield;3;18;7;38.89;100;85.71;14.29;0;0;7.7;112;14.29;1.149
Jurinea humilis;110821-06;Fellfield;4;15;4;26.67;100;50;25;25;0;11;168;50;1.5
Jurinea humilis;110821-06;Snowbed;1;17;5;29.41;100;0;100;0;0;246.5;458.5;100;0
Jurinea humilis;110821-06;Snowbed;2;16;3;18.75;100;0;100;0;0;246.5;458.5;100;0
Jurinea humilis;110821-06;Snowbed;3;17;2;11.76;100;0;100;0;0;246.5;458.5;100;0
Jurinea humilis;120821-03;Fellfield;2;25;1;4;100;100;0;0;0;5.5;80;0;0
Jurinea humilis;120821-03;Fellfield;3;23;8;34.78;100;100;0;0;0;8.8;126;0;0.954
Jurinea humilis;120821-03;Fellfield;4;25;9;36;100;77.78;0;22.22;0;15.5;222.5;22.22;1.753
Jurinea humilis;120821-03;Snowbed;3;23;1;4.35;100;0;100;0;0;246.5;458.5;100;0
Jurinea humilis;310821-01;Fellfield;2;25;3;12;100;0;0;100;0;211.5;471.5;100;1.585
Jurinea humilis;310821-01;Fellfield;4;25;4;16;100;75;0;25;0;27.67;294;25;0.811
Jurinea humilis;310821-01;Snowbed;1;25;11;44;100;0;100;0;0;230.5;277;100;0
Jurinea humilis;310821-01;Snowbed;2;25;7;28;100;0;100;0;0;230.5;277;100;0
Jurinea humilis;310821-01;Snowbed;3;25;6;24;100;0;100;0;0;230.5;277;100;0
Jurinea humilis;310821-01;Snowbed;4;25;6;24;100;0;100;0;0;230.5;277;100;0
Kobresia myosuroides;130921-03;Fellfield;1;25;12;48;0;0;0;0;0;NA;NA;0;0
Kobresia myosuroides;130921-03;Fellfield;2;25;5;20;0;0;0;0;0;NA;NA;0;0
Kobresia myosuroides;130921-03;Fellfield;3;25;8;32;0;0;0;0;0;NA;NA;0;0
Kobresia myosuroides;130921-03;Fellfield;4;25;14;56;0;0;0;0;0;NA;NA;0;0
Kobresia myosuroides;130921-03;Snowbed;1;25;8;32;0;0;0;0;0;NA;NA;0;0
Kobresia myosuroides;130921-03;Snowbed;2;25;6;24;0;0;0;0;0;NA;NA;0;0
Kobresia myosuroides;130921-03;Snowbed;3;25;7;28;0;0;0;0;0;NA;NA;0;0
Kobresia myosuroides;130921-03;Snowbed;4;25;5;20;0;0;0;0;0;NA;NA;0;0
Koeleria vallesiana;300821-02;Fellfield;1;25;17;68;100;100;0;0;0;8;98;0;0
Koeleria vallesiana;300821-02;Fellfield;2;25;20;80;100;100;0;0;0;8.89;98;0;0.469
Koeleria vallesiana;300821-02;Fellfield;3;25;22;88;100;100;0;0;0;8;98;0;0
Koeleria vallesiana;300821-02;Fellfield;4;25;21;84;100;100;0;0;0;8;98;0;0
Koeleria vallesiana;300821-02;Snowbed;1;25;13;52;100;92.31;0;0;7.69;28.35;199;7.69;0.991
Koeleria vallesiana;300821-02;Snowbed;2;25;13;52;100;84.62;15.38;0;0;29.72;203.5;15.38;1.352
Koeleria vallesiana;300821-02;Snowbed;3;25;15;60;93.33;86.67;6.67;0;0;26.96;188.5;7.14;0.371
Koeleria vallesiana;300821-02;Snowbed;4;25;8;32;100;62.5;37.5;0;0;30.25;208;37.5;1.75
Koeleria vallesiana;310821-09;Fellfield;1;24;15;62.5;100;100;0;0;0;19.89;203;0;1.231
Koeleria vallesiana;310821-09;Fellfield;2;25;13;52;100;100;0;0;0;19.89;203;0;0.89
Koeleria vallesiana;310821-09;Fellfield;3;25;18;72;100;100;0;0;0;14.4;155.5;0;0.991
Koeleria vallesiana;310821-09;Fellfield;4;25;20;80;100;100;0;0;0;10;113;0;0.722
Koeleria vallesiana;310821-09;Snowbed;1;25;15;60;100;66.67;26.67;0;6.67;36.02;197;33.33;1.826
Koeleria vallesiana;310821-09;Snowbed;2;25;17;68;100;88.24;5.88;0;5.88;27.9;167.5;11.76;1.45
Koeleria vallesiana;310821-09;Snowbed;3;25;18;72;100;94.44;5.56;0;0;25;158.5;5.56;0.944
Koeleria vallesiana;310821-09;Snowbed;4;24;19;79.17;100;73.68;5.26;0;21.05;36.02;197;26.32;2.03
Luzula caespitosa;110821-03;Fellfield;1;25;6;24;83.33;50;0;16.67;16.67;37;467.5;40;1.371
Luzula caespitosa;110821-03;Fellfield;2;25;5;20;80;80;0;0;0;32.5;417;0;0.811
Luzula caespitosa;110821-03;Fellfield;3;25;10;40;80;70;0;0;10;32.5;417;12.5;1.061
Luzula caespitosa;110821-03;Fellfield;4;25;10;40;100;80;20;0;0;29.29;384;20;1.157
Luzula caespitosa;110821-03;Snowbed;1;25;5;20;80;0;80;0;0;245.63;445.5;100;0
Luzula caespitosa;110821-03;Snowbed;2;25;5;20;100;0;100;0;0;245.5;445.5;100;0
Luzula caespitosa;110821-03;Snowbed;3;25;6;24;100;0;100;0;0;245.5;445.5;100;0
Luzula caespitosa;110821-03;Snowbed;4;25;9;36;88.89;0;88.89;0;0;245.64;445.5;100;0.544
Luzula caespitosa;120821-04;Fellfield;1;25;8;32;100;75;12.5;0;12.5;51.69;577.5;25;1.061
Luzula caespitosa;120821-04;Fellfield;2;25;12;48;83.33;33.33;33.33;8.34;8.33;211.33;640;60;2.371
Luzula caespitosa;120821-04;Fellfield;3;25;4;16;100;25;50;25;0;212.5;642.5;75;1.5
Luzula caespitosa;120821-04;Fellfield;4;25;8;32;100;12.5;87.5;0;0;212;642.5;87.5;0.544
Luzula caespitosa;120821-04;Snowbed;1;25;10;40;100;0;90;0;10;245.63;445.5;100;0.922
Luzula caespitosa;120821-04;Snowbed;2;25;13;52;100;0;100;0;0;245.5;445.5;100;0
Luzula caespitosa;120821-04;Snowbed;3;25;15;60;100;0;100;0;0;245.5;445.5;100;0
Luzula caespitosa;120821-04;Snowbed;4;25;9;36;100;0;100;0;0;245.5;445.5;100;0
Minuartia recurva;110821-07;Fellfield;1;25;23;92;100;100;0;0;0;7.21;115;0;0.999
Minuartia recurva;110821-07;Fellfield;2;25;25;100;100;100;0;0;0;10.83;163;0;0.971
Minuartia recurva;110821-07;Fellfield;3;25;22;88;100;100;0;0;0;4.71;67;0;0.946
Minuartia recurva;110821-07;Fellfield;4;25;22;88;100;100;0;0;0;10.83;163;0;1.207
Minuartia recurva;110821-07;Snowbed;1;25;20;80;100;75;5;20;0;23.85;266.5;25;1.579
Minuartia recurva;110821-07;Snowbed;2;25;21;84;100;66.67;0;33.33;0;26.54;290;33.33;1.832
Minuartia recurva;110821-07;Snowbed;3;25;23;92;100;65.22;0;34.78;0;27.19;297.5;34.78;1.23
Minuartia recurva;110821-07;Snowbed;4;25;24;96;100;79.17;0;20.83;0;16.55;205;20.83;1.801
Minuartia recurva;120821-01;Fellfield;1;25;25;100;100;100;0;0;0;3.57;51;0;0.634
Minuartia recurva;120821-01;Fellfield;2;25;24;96;100;100;0;0;0;3.43;51;0;0.544
Minuartia recurva;120821-01;Fellfield;3;25;25;100;100;100;0;0;0;3.95;51;0;0.795
Minuartia recurva;120821-01;Fellfield;4;25;23;92;100;95.65;0;4.35;0;3.63;51;4.35;0.808
Minuartia recurva;120821-01;Snowbed;1;25;23;92;100;73.91;13.04;13.05;0;4.31;64;26.09;1.327
Minuartia recurva;120821-01;Snowbed;2;25;24;96;100;91.67;0;8.33;0;5.14;77;8.33;1.364
Minuartia recurva;120821-01;Snowbed;3;25;22;88;100;100;0;0;0;4.13;64;0;0.845
Minuartia recurva;120821-01;Snowbed;4;25;25;100;100;88;0;12;0;4.69;64;12;1.429
Minuartia verna;300821-06;Fellfield;1;25;25;100;48;44;0;0;4;NA;NA;8.33;1.551
Minuartia verna;300821-06;Fellfield;2;25;24;96;45.83;45.83;0;0;0;NA;NA;0;0.845
Minuartia verna;300821-06;Fellfield;3;25;23;92;43.48;43.48;0;0;0;NA;NA;0;0.72
Minuartia verna;300821-06;Fellfield;4;25;22;88;31.82;31.82;0;0;0;NA;NA;0;0.592
Minuartia verna;300821-06;Snowbed;1;25;24;96;16.67;12.5;0;4.17;0;NA;NA;25.01;0.811
Minuartia verna;300821-06;Snowbed;2;25;24;96;8.33;4.17;0;0;4.17;NA;NA;49.94;1
Minuartia verna;300821-06;Snowbed;3;25;23;92;4.35;4.35;0;0;0;NA;NA;0;0
Minuartia verna;300821-06;Snowbed;4;25;24;96;20.83;12.5;0;0;8.33;NA;NA;39.99;1.922
MinuartiaCF;310821-10;Fellfield;1;25;25;100;24;16;0;4;4;NA;NA;33.33;1.252
MinuartiaCF;310821-10;Fellfield;2;25;25;100;48;24;0;16;8;NA;NA;50;1.896
MinuartiaCF;310821-10;Fellfield;3;25;25;100;48;24;0;20;4;NA;NA;50;2.335
MinuartiaCF;310821-10;Fellfield;4;25;24;96;58.33;37.5;0;16.67;4.17;227;538;35.71;2.118
MinuartiaCF;310821-10;Snowbed;1;25;25;100;16;0;0;4;12;NA;NA;100;2
MinuartiaCF;310821-10;Snowbed;2;25;25;100;12;0;0;0;12;NA;NA;100;0.918
MinuartiaCF;310821-10;Snowbed;3;25;25;100;20;0;0;4;16;NA;NA;100;1.922
MinuartiaCF;310821-10;Snowbed;4;25;25;100;8;0;4;0;4;NA;NA;100;1
Neochischkinia truncatula;240821-07;Fellfield;1;25;23;92;95.65;95.65;0;0;0;6.8;81;0;0
Neochischkinia truncatula;240821-07;Fellfield;2;25;25;100;92;92;0;0;0;7.39;93.5;0;0.258
Neochischkinia truncatula;240821-07;Fellfield;3;25;23;92;100;100;0;0;0;6.5;81;0;0
Neochischkinia truncatula;240821-07;Fellfield;4;25;25;100;100;100;0;0;0;6.5;81;0;0
Neochischkinia truncatula;240821-07;Snowbed;1;25;21;84;95.24;95.24;0;0;0;7.18;67.5;0;0.286
Neochischkinia truncatula;240821-07;Snowbed;2;25;24;96;79.17;79.17;0;0;0;8.67;76;0;0.297
Neochischkinia truncatula;240821-07;Snowbed;3;25;24;96;95.83;95.83;0;0;0;7.43;67.5;0;0.426
Neochischkinia truncatula;240821-07;Snowbed;4;25;22;88;100;100;0;0;0;6.5;59;0;0
Neochischkinia truncatula;250821-03;Fellfield;1;25;24;96;87.5;83.33;0;0;4.17;7.58;92;4.77;0.549
Neochischkinia truncatula;250821-03;Fellfield;2;25;21;84;80.95;80.95;0;0;0;7.41;92;0;0
Neochischkinia truncatula;250821-03;Fellfield;3;25;22;88;100;100;0;0;0;6.29;79.5;0;0.267
Neochischkinia truncatula;250821-03;Fellfield;4;25;18;72;100;100;0;0;0;6;79.5;0;0
Neochischkinia truncatula;250821-03;Snowbed;1;25;22;88;77.27;77.27;0;0;0;10.15;91;0;0.787
Neochischkinia truncatula;250821-03;Snowbed;2;25;18;72;83.33;83.33;0;0;0;9.82;82.5;0;0.837
Neochischkinia truncatula;250821-03;Snowbed;3;22;19;86.36;100;100;0;0;0;9.5;82.5;0;0.949
Neochischkinia truncatula;250821-03;Snowbed;4;25;24;96;91.67;87.5;0;0;4.17;11.08;98.5;4.55;1.182
Pedicularis pyrenaica;130921-04;Fellfield;1;25;9;36;22.22;0;0;22.22;0;NA;NA;100;1
Pedicularis pyrenaica;130921-04;Fellfield;2;25;11;44;63.64;0;18.18;45.46;0;210.75;413;100;1.95
Pedicularis pyrenaica;130921-04;Fellfield;3;25;19;76;57.89;0;31.58;26.31;0;207.25;399.5;100;1.686
Pedicularis pyrenaica;130921-04;Fellfield;4;25;3;12;66.67;0;66.67;0;0;193;345.5;100;0
Pedicularis pyrenaica;130921-04;Snowbed;1;25;11;44;18.18;0;18.18;0;0;NA;NA;100;0
Pedicularis pyrenaica;130921-04;Snowbed;2;25;20;80;35;0;30;0;5;NA;NA;100;1.149
Pedicularis pyrenaica;130921-04;Snowbed;3;25;19;76;57.89;0;52.63;0;5.26;224.9;219.5;100;0.439
Pedicularis pyrenaica;130921-04;Snowbed;4;25;8;32;50;0;37.5;0;12.5;274;451.5;100;0.811
Pedicularis pyrenaica;310821-04;Fellfield;1;25;20;80;35;0;0;35;0;NA;NA;100;1.557
Pedicularis pyrenaica;310821-04;Fellfield;2;25;19;76;36.84;0;0;36.84;0;NA;NA;100;1.842
Pedicularis pyrenaica;310821-04;Fellfield;3;25;19;76;26.32;0;5.26;21.06;0;NA;NA;100;1.922
Pedicularis pyrenaica;310821-04;Fellfield;4;25;19;76;21.05;0;0;21.05;0;NA;NA;100;0.811
Pedicularis pyrenaica;310821-04;Snowbed;1;25;24;96;20.83;0;20.83;0;0;NA;NA;100;0.722
Pedicularis pyrenaica;310821-04;Snowbed;2;25;21;84;19.05;0;19.05;0;0;NA;NA;100;0
Pedicularis pyrenaica;310821-04;Snowbed;3;25;24;96;37.5;0;33.33;0;4.17;NA;NA;100;0.503
Pedicularis pyrenaica;310821-04;Snowbed;4;25;21;84;14.29;0;14.29;0;0;NA;NA;100;0
Phalacrocarpum oppositifolium;110821-02;Fellfield;1;25;15;60;100;86.67;0;13.33;0;39.5;465;13.33;1.563
Phalacrocarpum oppositifolium;110821-02;Fellfield;2;25;17;68;100;100;0;0;0;27.6;347;0;0.523
Phalacrocarpum oppositifolium;110821-02;Fellfield;3;25;19;76;94.74;94.74;0;0;0;28;358;0;1.585
Phalacrocarpum oppositifolium;110821-02;Fellfield;4;25;18;72;100;94.44;0;5.56;0;30;380;5.56;1.802
Phalacrocarpum oppositifolium;110821-02;Snowbed;1;25;17;68;100;88.24;11.76;0;0;41.38;329;11.76;1.402
Phalacrocarpum oppositifolium;110821-02;Snowbed;2;25;16;64;100;75;25;0;0;41.61;329;25;1.924
Phalacrocarpum oppositifolium;110821-02;Snowbed;3;25;14;56;100;100;0;0;0;8.17;91.5;0;0.592
Phalacrocarpum oppositifolium;110821-02;Snowbed;4;25;14;56;100;100;0;0;0;26;238.5;0;0
Phalacrocarpum oppositifolium;120821-05;Fellfield;1;12;4;33.33;75;50;25;0;0;56.04;575.5;33.33;1.585
Phalacrocarpum oppositifolium;120821-05;Fellfield;2;12;3;25;100;100;0;0;0;42.51;487.5;0;0.918
Phalacrocarpum oppositifolium;120821-05;Snowbed;1;12;7;58.33;100;42.86;57.14;0;0;242.13;406.5;57.14;1.379
Phalacrocarpum oppositifolium;120821-05;Snowbed;2;12;10;83.33;100;80;20;0;0;27.71;245.5;20;1.157
Phyteuma hemisphaericum;240821-10;Fellfield;1;25;17;68;5.88;0;0;5.88;0;NA;NA;100;0
Phyteuma hemisphaericum;240821-10;Fellfield;2;25;23;92;21.74;0;0;21.74;0;NA;NA;100;1.522
Phyteuma hemisphaericum;240821-10;Fellfield;3;24;18;75;44.44;5.56;0;38.89;0;NA;NA;87.49;1.61
Phyteuma hemisphaericum;240821-10;Fellfield;4;25;19;76;21.05;0;0;15.79;5.26;NA;NA;100;2
Phyteuma hemisphaericum;240821-10;Snowbed;1;25;23;92;56.52;0;21.74;21.74;13.04;276;452;100;2.104
Phyteuma hemisphaericum;240821-10;Snowbed;2;21;14;66.67;42.86;7.14;0;21.43;14.29;NA;NA;83.34;1.918
Phyteuma hemisphaericum;240821-10;Snowbed;3;24;17;70.83;11.76;0;0;0;11.76;NA;NA;100;1
Phyteuma hemisphaericum;240821-10;Snowbed;4;23;20;86.96;50;0;0;0;50;293;643;100;1.157
Phyteuma hemisphaericum;250821-07;Fellfield;1;25;23;92;30.43;0;0;21.74;8.7;NA;NA;100;2.522
Phyteuma hemisphaericum;250821-07;Fellfield;2;25;23;92;47.83;0;0;47.83;0;NA;NA;100;1.79
Phyteuma hemisphaericum;250821-07;Fellfield;3;25;22;88;36.36;0;0;36.36;0;NA;NA;100;2.156
Phyteuma hemisphaericum;250821-07;Fellfield;4;25;15;60;46.67;0;0;46.67;0;NA;NA;100;0.985
Phyteuma hemisphaericum;250821-07;Snowbed;1;24;22;91.67;18.18;0;0;4.55;13.64;NA;NA;100;1.5
Phyteuma hemisphaericum;250821-07;Snowbed;2;25;23;92;26.09;0;4.35;17.39;4.35;NA;NA;100;1.252
Phyteuma hemisphaericum;250821-07;Snowbed;3;25;21;84;33.33;0;0;19.05;14.29;NA;NA;100;0.985
Phyteuma hemisphaericum;250821-07;Snowbed;4;25;23;92;30.43;0;0;26.09;4.35;NA;NA;100;0.592
Phyteuma orbiculare;300921-02;Fellfield;1;17;14;82.35;21.43;0;0;21.43;0;NA;NA;100;0
Phyteuma orbiculare;300921-02;Fellfield;2;17;11;64.71;18.18;0;0;18.18;0;NA;NA;100;0
Phyteuma orbiculare;300921-02;Fellfield;3;17;10;58.82;20;0;0;20;0;NA;NA;100;0
Phyteuma orbiculare;300921-02;Snowbed;1;17;8;47.06;25;0;0;0;25;NA;NA;100;0
Phyteuma orbiculare;300921-02;Snowbed;2;17;15;88.24;40;0;33.33;0;6.67;NA;NA;100;0.65
Phyteuma orbiculare;300921-02;Snowbed;3;13;5;38.46;40;0;0;0;40;NA;NA;100;1
Plantago alpina;130921-08;Fellfield;1;20;17;85;100;11.76;11.76;76.48;0;194.5;308;88.24;2.299
Plantago alpina;130921-08;Fellfield;2;20;18;90;100;16.67;5.56;77.77;0;195.83;311.5;83.33;2.489
Plantago alpina;130921-08;Fellfield;3;20;19;95;100;10.53;21.05;68.42;0;193.5;304.5;89.47;2.076
Plantago alpina;130921-08;Snowbed;1;20;17;85;100;0;52.94;35.3;11.76;233.13;189.5;100;2.558
Plantago alpina;130921-08;Snowbed;2;20;20;100;95;0;75;20;0;230.5;185;100;1.894
Plantago alpina;130921-08;Snowbed;3;20;9;45;100;11.11;55.56;22.22;11.11;231.9;185.5;88.89;1.88
Plantago alpina;300821-15;Fellfield;1;25;20;80;100;25;0;70;5;211.5;471.5;75;2.204
Plantago alpina;300821-15;Fellfield;2;25;22;88;100;36.36;0;63.64;0;205.2;447.5;63.64;1.92
Plantago alpina;300821-15;Fellfield;3;25;24;96;100;37.5;16.67;45.83;0;199.25;428.5;62.5;2.083
Plantago alpina;300821-15;Fellfield;4;25;24;96;100;54.17;12.5;33.33;0;13.85;154;45.83;1.815
Plantago alpina;300821-15;Snowbed;1;25;25;100;100;0;68;28;4;238.7;278;100;2.15
Plantago alpina;300821-15;Snowbed;2;25;22;88;100;0;72.73;27.27;0;237;277.5;100;1.981
Plantago alpina;300821-15;Snowbed;3;25;24;96;100;0;58.33;41.67;0;238;278;100;2.189
Plantago alpina;300821-15;Snowbed;4;25;25;100;100;0;76;20;4;235.3;277;100;2.129
Plantago holosteum;240821-04;Fellfield;1;25;25;100;100;100;0;0;0;7;95;0;0
Plantago holosteum;240821-04;Fellfield;2;25;25;100;100;100;0;0;0;7;95;0;0
Plantago holosteum;240821-04;Fellfield;3;25;25;100;100;100;0;0;0;7;95;0;0
Plantago holosteum;240821-04;Fellfield;4;25;25;100;100;100;0;0;0;7;95;0;0
Plantago holosteum;240821-04;Snowbed;1;25;25;100;100;100;0;0;0;7;69.5;0;0
Plantago holosteum;240821-04;Snowbed;2;25;25;100;100;100;0;0;0;7;69.5;0;0
Plantago holosteum;240821-04;Snowbed;3;25;25;100;100;100;0;0;0;7;69.5;0;0
Plantago holosteum;240821-04;Snowbed;4;25;25;100;100;100;0;0;0;7;69.5;0;0
Plantago holosteum;250821-12;Fellfield;1;25;25;100;96;88;0;8;0;9.66;110.5;8.33;0.497
Plantago holosteum;250821-12;Fellfield;2;25;25;100;100;100;0;0;0;8.5;99;0;0
Plantago holosteum;250821-12;Fellfield;3;25;25;100;100;92;0;8;0;9.24;110.5;8;0.482
Plantago holosteum;250821-12;Fellfield;4;25;25;100;100;92;0;8;0;9.24;110.5;8;0.482
Plantago holosteum;250821-12;Snowbed;1;25;25;100;92;92;0;0;0;9.24;74.5;0;0
Plantago holosteum;250821-12;Snowbed;2;25;25;100;100;88;4;4;4;9.66;74.5;12;0.72
Plantago holosteum;250821-12;Snowbed;3;25;25;100;100;88;0;8;4;9.66;74.5;12;0.72
Plantago holosteum;250821-12;Snowbed;4;25;25;100;100;80;0;16;4;10.63;82;20;0.996
Ranunculus carianthiacus;310821-16;Fellfield;1;15;15;100;26.67;0;0;0;26.67;NA;NA;100;0
Ranunculus carianthiacus;310821-16;Snowbed;1;15;15;100;0;0;0;0;0;NA;NA;0;0
Salix fontqueri;140921-01;Fellfield;1;5;5;100;0;0;0;0;0;NA;NA;0;0
Salix fontqueri;140921-01;Snowbed;1;5;5;100;0;0;0;0;0;NA;NA;0;0
Saxifraga conifera;130921-09;Fellfield;1;25;16;64;100;93.75;0;0;6.25;18.51;173.5;6.25;1.198
Saxifraga conifera;130921-09;Fellfield;2;25;12;48;100;83.33;0;0;16.67;19.01;181;16.67;1.626
Saxifraga conifera;130921-09;Fellfield;3;24;17;70.83;100;100;0;0;0;9.15;96;0;0.787
Saxifraga conifera;130921-09;Fellfield;4;24;16;66.67;87.5;62.5;0;6.25;18.75;21.52;196;28.57;2.128
Saxifraga conifera;130921-09;Snowbed;1;25;14;56;64.29;7.14;0;0;57.14;322;1186.5;88.89;1.224
Saxifraga conifera;130921-09;Snowbed;2;25;15;60;73.33;0;0;0;73.33;339.8;1428.5;100;1.349
Saxifraga conifera;130921-09;Snowbed;3;25;11;44;45.45;0;0;0;45.45;NA;NA;100;1.371
Saxifraga conifera;130921-09;Snowbed;4;25;18;72;88.89;11.11;0;0;77.78;322;1186.5;87.5;1.677
Saxifraga conifera;140921-08;Fellfield;1;20;11;55;72.73;63.64;0;0;9.09;22.03;184.5;12.5;0.544
Saxifraga conifera;140921-08;Fellfield;2;20;8;40;100;50;0;0;50;25.04;202.5;50;1.75
Saxifraga conifera;140921-08;Fellfield;3;19;12;63.16;91.67;33.33;0;0;58.33;277;1173.5;63.64;2.595
Saxifraga conifera;140921-08;Snowbed;1;20;14;70;50;21.43;0;0;28.57;340;1463;57.14;1.842
Saxifraga conifera;140921-08;Snowbed;2;20;16;80;100;0;0;0;100;315;1115;100;2.399
Saxifraga conifera;140921-08;Snowbed;3;20;9;45;44.44;0;0;0;44.44;NA;NA;100;0.811
Saxifraga paniculata;310821-14;Fellfield;1;25;23;92;95.65;0;0;95.65;0;227.95;538;100;1.661
Saxifraga paniculata;310821-14;Fellfield;2;25;25;100;100;0;0;100;0;218.47;487;100;1.218
Saxifraga paniculata;310821-14;Fellfield;3;25;25;100;92;0;0;92;0;218.15;487;100;0.998
Saxifraga paniculata;310821-14;Fellfield;4;25;24;96;100;0;0;100;0;223.5;514;100;1.5
Saxifraga paniculata;310821-14;Snowbed;1;25;20;80;20;0;0;0;20;NA;NA;100;0.811
Saxifraga paniculata;310821-14;Snowbed;2;25;25;100;92;0;0;12;80;274.14;435;100;1.934
Saxifraga paniculata;310821-14;Snowbed;3;25;20;80;55;0;0;0;55;282.67;528;100;1.539
Saxifraga paniculata;310821-14;Snowbed;4;25;24;96;62.5;0;0;0;62.5;293.75;679.5;100;2.2
Scilla verna;310821-06;Fellfield;1;25;24;96;4.17;0;0;0;4.17;NA;NA;100;0
Scilla verna;310821-06;Fellfield;2;25;24;96;0;0;0;0;0;NA;NA;0;0
Scilla verna;310821-06;Fellfield;3;25;25;100;12;0;0;0;12;NA;NA;100;0
Scilla verna;310821-06;Fellfield;4;25;23;92;26.09;0;0;0;26.09;NA;NA;100;0
Scilla verna;310821-06;Snowbed;1;25;25;100;4;0;0;0;4;NA;NA;100;0.994
Scilla verna;310821-06;Snowbed;2;25;24;96;45.83;0;0;0;45.83;NA;NA;100;0
Scilla verna;310821-06;Snowbed;3;25;24;96;25;0;0;0;25;NA;NA;100;1.459
Scilla verna;310821-06;Snowbed;4;25;25;100;40;0;0;0;40;NA;NA;100;0.469
Sedum anglicum;240821-09;Fellfield;1;25;23;92;78.26;60.87;8.7;4.34;4.35;36.34;397.5;22.22;2.288
Sedum anglicum;240821-09;Fellfield;2;25;23;92;82.61;82.61;0;0;0;9.97;118.5;0;0.953
Sedum anglicum;240821-09;Fellfield;3;25;24;96;100;79.17;12.5;0;8.33;12;155;20.83;1.815
Sedum anglicum;240821-09;Fellfield;4;25;25;100;84;80;0;4;0;16.75;201;4.76;1.437
Sedum anglicum;240821-09;Snowbed;1;25;24;96;66.67;62.5;0;0;4.17;23;189;6.25;1.424
Sedum anglicum;240821-09;Snowbed;2;25;24;96;66.67;54.17;0;0;12.5;46.36;301;18.75;1.953
Sedum anglicum;240821-09;Snowbed;3;25;22;88;72.73;68.18;0;0;4.55;33;249.5;6.26;1.772
Sedum anglicum;240821-09;Snowbed;4;25;24;96;54.17;54.17;0;0;0;33;249.5;0;1.314
Sedum anglicum;250821-09;Fellfield;1;25;16;64;100;43.75;6.25;31.25;18.75;188;342;56.25;3.078
Sedum anglicum;250821-09;Fellfield;2;25;24;96;62.5;50;0;8.33;4.17;42.04;349;20;2.283
Sedum anglicum;250821-09;Fellfield;3;25;18;72;27.78;22.22;5.56;0;0;NA;NA;20.01;1.922
Sedum anglicum;250821-09;Fellfield;4;25;18;72;66.67;33.33;5.56;11.11;16.67;216;447;50.01;2.418
Sedum anglicum;250821-09;Snowbed;1;25;25;100;56;36;0;0;20;282.5;669.5;35.71;2.404
Sedum anglicum;250821-09;Snowbed;2;25;20;80;45;25;0;0;20;NA;NA;44.44;2.059
Sedum anglicum;250821-09;Snowbed;3;25;21;84;42.86;19.05;0;0;23.81;NA;NA;55.55;2.281
Sedum anglicum;250821-09;Snowbed;4;25;24;96;33.33;29.17;0;4.17;0;NA;NA;12.48;1.75
Sedum brevifolium;240821-11;Fellfield;1;25;23;92;56.52;47.83;0;8.7;0;231.5;620;15.38;1.7
Sedum brevifolium;240821-11;Fellfield;2;25;24;96;87.5;87.5;0;0;0;20.69;246;0;1.166
Sedum brevifolium;240821-11;Fellfield;3;25;20;80;60;60;0;0;0;33;375;0;1.459
Sedum brevifolium;240821-11;Fellfield;4;25;22;88;100;90.91;0;4.55;4.55;15;189.5;9.09;1.439
Sedum brevifolium;240821-11;Snowbed;1;23;23;100;56.52;47.83;0;0;8.7;276;452;15.38;1.573
Sedum brevifolium;240821-11;Snowbed;2;23;22;95.65;77.27;63.64;0;0;13.64;18;154;17.64;0.1545
Sedum brevifolium;240821-11;Snowbed;3;24;22;91.67;77.27;77.27;0;0;0;21.57;175;0;1.402
Sedum brevifolium;240821-11;Snowbed;4;25;23;92;78.26;69.57;0;0;8.7;24;196;11.1;1.352
Sedum brevifolium;250821-08;Fellfield;1;25;24;96;33.33;8.33;0;25;0;NA;NA;75.01;2.5
Sedum brevifolium;250821-08;Fellfield;2;24;22;91.67;18.18;4.55;0;13.64;0;NA;NA;74.97;1.5
Sedum brevifolium;250821-08;Fellfield;3;25;25;100;36;32;0;4;0;NA;NA;11.11;1.224
Sedum brevifolium;250821-08;Fellfield;4;25;22;88;13.64;0;0;13.64;0;NA;NA;100;1.585
Sedum brevifolium;250821-08;Snowbed;1;25;21;84;28.57;4.76;0;0;23.81;NA;NA;83.34;2.252
Sedum brevifolium;250821-08;Snowbed;2;25;25;100;24;4;0;0;20;NA;NA;83.33;1.918
Sedum brevifolium;250821-08;Snowbed;3;25;22;88;13.64;0;0;0;13.64;NA;NA;100;0
Sedum brevifolium;250821-08;Snowbed;4;25;25;100;20;8;0;0;12;NA;NA;60;1.522
Sedum sp (album cf);300821-14;Fellfield;1;25;25;100;0;0;0;0;0;NA;NA;0;0
Sedum sp (album cf);300821-14;Fellfield;2;25;24;96;0;0;0;0;0;NA;NA;0;0
Sedum sp (album cf);300821-14;Fellfield;3;25;25;100;0;0;0;0;0;NA;NA;0;0
Sedum sp (album cf);300821-14;Fellfield;4;25;23;92;0;0;0;0;0;NA;NA;0;0
Sedum sp (album cf);300821-14;Snowbed;1;25;25;100;0;0;0;0;0;NA;NA;0;0
Sedum sp (album cf);300821-14;Snowbed;2;25;20;80;0;0;0;0;0;NA;NA;0;0
Sedum sp (album cf);300821-14;Snowbed;3;25;24;96;0;0;0;0;0;NA;NA;0;0
Sedum sp (album cf);300821-14;Snowbed;4;25;25;100;0;0;0;0;0;NA;NA;0;0
Sempervivum arachnoideo;230921-02;Fellfield;1;25;18;72;83.33;0;0;83.33;0;215.3;383.5;100;0.918
Sempervivum arachnoideo;230921-02;Fellfield;2;25;23;92;95.65;0;0;91.3;4.35;213.58;366.5;100;1.693
Sempervivum arachnoideo;230921-02;Fellfield;3;24;22;91.67;100;0;0;95.45;4.55;213.67;366.5;100;0.981
Sempervivum arachnoideo;230921-02;Fellfield;4;25;23;92;100;0;0;100;0;213.75;366.5;100;1.614
Sempervivum arachnoideo;230921-02;Snowbed;1;25;21;84;90.48;0;0;0;90.48;259.7;341;100;1.683
Sempervivum arachnoideo;230921-02;Snowbed;2;25;23;92;95.65;0;0;0;95.65;260.35;353;100;1.717
Sempervivum arachnoideo;230921-02;Snowbed;3;25;20;80;95;0;0;0;95;258.2;329;100;1.638
Sempervivum arachnoideo;230921-02;Snowbed;4;25;21;84;76.19;0;0;0;76.19;259.73;341;100;0.896
Sempervivum arachnoideo;230921-04;Fellfield;1;25;21;84;100;0;0;100;0;210.17;341;100;1.776
Sempervivum arachnoideo;230921-04;Fellfield;2;25;24;96;91.67;0;0;91.67;0;211.33;349.5;100;1.981
Sempervivum arachnoideo;230921-04;Fellfield;3;25;25;100;100;0;0;100;0;212.5;358;100;1.791
Sempervivum arachnoideo;230921-04;Fellfield;4;25;23;92;95.65;0;0;91.3;4.35;211.72;349.5;100;2.151
Sempervivum arachnoideo;230921-04;Snowbed;1;25;24;96;41.67;0;0;0;41.67;NA;NA;100;1.485
Sempervivum arachnoideo;230921-04;Snowbed;2;25;18;72;72.22;0;0;0;72.22;263.5;389;100;1.239
Sempervivum arachnoideo;230921-04;Snowbed;3;25;24;96;83.33;0;0;0;83.33;260;353;100;1.685
Sempervivum arachnoideo;230921-04;Snowbed;4;25;21;84;95.24;0;0;0;95.24;256.75;306.5;100;1.353
Sesleria caerula;310821-03;Fellfield;1;25;22;88;100;86.36;4.55;4.54;4.55;28.93;301.5;13.64;1.432
Sesleria caerula;310821-03;Fellfield;2;25;18;72;100;88.89;5.56;5.55;0;25.23;277;11.11;1.386
Sesleria caerula;310821-03;Fellfield;3;25;17;68;100;100;0;0;0;23.23;258;0;0.523
Sesleria caerula;310821-03;Fellfield;4;25;18;72;100;100;0;0;0;22.92;248.5;0;1.224
Sesleria caerula;310821-03;Snowbed;1;24;16;66.67;93.75;31.25;18.75;0;43.75;231;277;66.67;2.873
Sesleria caerula;310821-03;Snowbed;2;25;16;64;93.75;25;25;0;43.75;231;277;73.33;2.44
Sesleria caerula;310821-03;Snowbed;3;25;22;88;100;36.36;9.09;0;54.55;274;431;63.64;2.652
Sesleria caerula;310821-03;Snowbed;4;25;15;60;100;53.33;13.33;0;33.33;45.74;254.5;46.67;2.549
Silene acaulis;130921-07;Fellfield;1;25;21;84;61.9;14.29;0;0;47.62;331.25;2084.5;76.91;2.873
Silene acaulis;130921-07;Fellfield;2;25;21;84;28.57;19.05;0;4.76;4.76;NA;NA;33.32;1.252
Silene acaulis;130921-07;Fellfield;3;25;23;92;73.91;0;0;13.04;60.87;295.5;1437.5;100;2.461
Silene acaulis;130921-07;Fellfield;4;25;20;80;80;10;0;10;60;285;1263.5;87.5;2.608
Silene acaulis;130921-07;Snowbed;1;25;21;84;28.57;9.52;0;0;19.05;NA;NA;66.68;1.918
Silene acaulis;130921-07;Snowbed;2;25;24;96;33.33;0;8.33;0;25;NA;NA;100;1.906
Silene acaulis;130921-07;Snowbed;3;25;21;84;42.86;0;9.52;0;33.33;NA;NA;100;2.419
Silene acaulis;130921-07;Snowbed;4;25;23;92;26.09;4.35;0;0;21.74;NA;NA;83.33;2.252
Silene acaulis;140921-03;Fellfield;1;25;14;56;28.57;0;0;0;28.57;NA;NA;100;1.5
Silene acaulis;140921-03;Fellfield;2;24;13;54.17;38.46;7.69;0;7.69;23.08;NA;NA;80.01;1.371
Silene acaulis;140921-03;Fellfield;3;25;17;68;29.41;0;0;0;29.41;NA;NA;100;0.722
Silene acaulis;140921-03;Fellfield;4;25;21;84;42.86;0;0;9.52;33.33;NA;NA;100;2.725
Silene acaulis;140921-03;Snowbed;1;25;22;88;18.18;0;0;0;18.18;NA;NA;100;1
Silene acaulis;140921-03;Snowbed;2;25;20;80;25;10;0;0;15;NA;NA;60;0.971
Silene acaulis;140921-03;Snowbed;3;25;20;80;50;0;0;0;50;288;684.5;100;1.361
Silene acaulis;140921-03;Snowbed;4;25;21;84;47.62;0;0;0;47.62;NA;NA;100;2.171
Silene ciliata;140921-09;Fellfield;1;25;23;92;82.61;13.04;0;69.57;0;207.88;340;84.21;2.234
Silene ciliata;140921-09;Fellfield;2;25;22;88;100;27.27;0;72.73;0;200;307;72.73;2.322
Silene ciliata;140921-09;Fellfield;3;25;24;96;79.17;12.5;0;66.67;0;205.25;329.5;84.21;2.629
Silene ciliata;140921-09;Fellfield;4;25;21;84;90.48;28.57;0;61.9;0;197.9;293.5;68.42;2.65
Silene ciliata;140921-09;Snowbed;1;25;24;96;66.67;4.17;25;20.83;16.67;251;250.5;93.75;2.352
Silene ciliata;140921-09;Snowbed;2;25;21;84;71.43;4.76;14.29;23.81;28.57;253.4;263.5;93.34;2.466
Silene ciliata;140921-09;Snowbed;3;25;22;88;68.18;4.55;4.55;9.09;50;258;308;93.33;2.307
Silene ciliata;140921-09;Snowbed;4;25;15;60;100;0;13.33;40;46.67;250.13;244;100;2.073
Silene ciliata;230921-01;Fellfield;1;25;24;96;70.83;0;0;70.83;0;206.2;312;100;1.221
Silene ciliata;230921-01;Fellfield;2;25;24;96;100;4.17;0;95.83;0;196.17;259.5;95.83;2.333
Silene ciliata;230921-01;Fellfield;3;25;21;84;90.48;4.76;0;85.71;0;189.75;228;94.74;1.063
Silene ciliata;230921-01;Fellfield;4;25;24;96;100;0;0;91.67;8.33;194;250.5;100;1.833
Silene ciliata;230921-01;Snowbed;1;25;21;84;80.95;0;4.76;61.91;14.29;243.96;198;100;1.557
Silene ciliata;230921-01;Snowbed;2;25;22;88;100;0;13.64;54.54;31.82;242.5;193;100;2.334
Silene ciliata;230921-01;Snowbed;3;25;24;96;100;0;12.5;75;12.5;240.75;183;100;1.948
Silene ciliata;230921-01;Snowbed;4;25;20;80;95;0;5;75;15;243.2;198;100;1.058
Silene ciliata;230921-03;Fellfield;1;25;23;92;86.96;0;0;78.26;8.7;206.5;312;100;2.302
Silene ciliata;230921-03;Fellfield;2;25;25;100;92;0;0;92;0;202.58;288;100;2.527
Silene ciliata;230921-03;Fellfield;3;25;25;100;80;0;0;80;0;200.25;277.5;100;2.328
Silene ciliata;230921-03;Fellfield;4;25;25;100;100;0;0;100;0;195.58;255;100;2.309
Silene ciliata;230921-03;Snowbed;1;25;25;100;96;0;0;92;4;241.68;188;100;1.206
Silene ciliata;230921-03;Snowbed;2;25;24;96;100;4.17;12.5;79.17;4.17;231.22;145.5;95.83;2.012
Silene ciliata;230921-03;Snowbed;3;25;25;100;96;0;16;72;8;242.09;193;100;1.356
Silene ciliata;230921-03;Snowbed;4;25;25;100;92;0;8;72;12;240.75;183;100;1.56
Silene ciliata;300821-11;Fellfield;1;25;24;96;95.83;0;0;95.83;0;220.44;512;100;2.067
Silene ciliata;300821-11;Fellfield;2;25;25;100;96;0;4;92;0;213.54;480.5;100;2.261
Silene ciliata;300821-11;Fellfield;3;25;25;100;96;0;0;96;0;220.83;512;100;2.147
Silene ciliata;300821-11;Fellfield;4;25;24;96;100;0;0;100;0;221.13;516.5;100;2.084
Silene ciliata;300821-11;Snowbed;1;25;25;100;96;0;20;48;28;259.7;329;100;2.616
Silene ciliata;300821-11;Snowbed;2;25;25;100;100;0;24;52;24;260.94;334;100;2.463
Silene ciliata;300821-11;Snowbed;3;25;25;100;96;0;48;32;16;246.17;286.5;100;2.388
Silene ciliata;300821-11;Snowbed;4;25;25;100;96;0;20;24;52;267;373.5;100;2.111
Solidago virgaurea;240821-08;Fellfield;1;25;19;76;100;89.47;5.26;5.27;0;16.33;201;10.53;1.483
Solidago virgaurea;240821-08;Fellfield;2;23;19;82.61;100;100;0;0;0;8.82;106;0;0.831
Solidago virgaurea;240821-08;Fellfield;3;25;21;84;100;100;0;0;0;12.41;155;0;0.998
Solidago virgaurea;240821-08;Fellfield;4;25;16;64;100;100;0;0;0;9.45;118.5;0;0.896
Solidago virgaurea;240821-08;Snowbed;1;24;21;87.5;100;4.76;95.24;0;0;236.56;336;95.24;0.857
Solidago virgaurea;240821-08;Snowbed;2;25;21;84;100;19.05;76.19;0;4.76;236.43;336;80.95;1.506
Solidago virgaurea;240821-08;Snowbed;3;25;20;80;100;10;90;0;0;236.53;336;90;1.154
Solidago virgaurea;240821-08;Snowbed;4;22;18;81.82;100;22.22;77.78;0;0;236.38;336;77.78;1.233
Solidago virgaurea;250821-13;Fellfield;1;25;22;88;100;68.18;31.82;0;0;23.33;264;31.82;1564
Solidago virgaurea;250821-13;Fellfield;2;25;25;100;100;68;32;0;0;15.18;179;32;1.362
Solidago virgaurea;250821-13;Fellfield;3;25;23;92;100;65.22;26.09;8.69;0;22.7;254.5;34.78;1.813
Solidago virgaurea;250821-13;Fellfield;4;25;22;88;100;86.36;13.64;0;0;11;133.5;13.64;0.994
Solidago virgaurea;250821-13;Snowbed;1;24;9;37.5;100;11.11;66.67;22.22;0;238.25;294;88.89;2.281
Solidago virgaurea;250821-13;Snowbed;2;25;17;68;100;5.88;82.35;11.77;0;232.83;294;94.12;1.821
Solidago virgaurea;250821-13;Snowbed;3;25;19;76;100;21.05;57.89;21.06;0;232.55;294;78.95;1.868
Solidago virgaurea;250821-13;Snowbed;4;22;9;40.91;100;0;88.89;11.11;0;232.64;294;100;0.986
Spergula morisonii;150721-01;Fellfield;1;25;14;56;78.57;57.14;0;7.14;14.29;70;1068;27.28;1.491
Spergula morisonii;150721-01;Fellfield;2;25;23;92;73.91;73.91;0;0;0;31.43;527;0;0.523
Spergula morisonii;150721-01;Fellfield;3;25;19;76;84.21;84.21;0;0;0;25.97;425;0;0.337
Spergula morisonii;150721-01;Fellfield;4;25;19;76;89.47;84.21;0;5.26;0;60.68;955;5.88;0.834
Spergula morisonii;150721-01;Snowbed;1;25;21;84;71.43;71.43;0;0;0;35.88;595;0;0.722
Spergula morisonii;150721-01;Snowbed;2;25;22;88;86.36;86.36;0;0;0;23.74;391;0;0
Spergula morisonii;150721-01;Snowbed;3;24;21;87.5;100;100;0;0;0;20.5;340;0;0
Spergula morisonii;150721-01;Snowbed;4;25;20;80;95;95;0;0;0;22.78;374;0;0.297
Spergula morisonii;280721-01;Fellfield;1;17;9;52.94;55.56;44.44;0;0;11.11;413;3386.5;20.01;0.722
Spergula morisonii;280721-01;Fellfield;2;17;9;52.94;77.78;66.67;0;0;11.11;36.9;612;14.28;1.149
Spergula morisonii;280721-01;Fellfield;3;17;8;47.06;50;37.5;0;0;12.5;416;3428.5;25;0.811
Spergula morisonii;280721-01;Fellfield;4;17;11;64.71;9.09;9.09;0;0;0;NA;NA;0;0
Spergula morisonii;280721-01;Snowbed;1;17;7;41.18;85.71;85.71;0;0;0;23.92;391;0;0
Spergula morisonii;280721-01;Snowbed;2;17;14;82.35;64.29;64.29;0;0;0;50.67;789.5;0;0.918
Spergula morisonii;280721-01;Snowbed;3;17;11;64.71;36.36;36.36;0;0;0;NA;NA;0;0.811
Spergula morisonii;280721-01;Snowbed;4;17;9;52.94;55.56;55.56;0;0;0;65.17;915;0;0.971
Thymus praecox;110821-05;Fellfield;1;25;19;76;94.74;89.47;0;5.26;0;15.06;219;5.56;1.503
Thymus praecox;110821-05;Fellfield;2;25;11;44;100;81.82;0;0;18.18;26.5;350.5;18.18;0.866
Thymus praecox;110821-05;Fellfield;3;25;18;72;100;77.78;0;22.22;0;23.5;316;22.22;1.769
Thymus praecox;110821-05;Fellfield;4;25;17;68;100;76.47;0;17.65;5.88;9.44;138;23.53;2.13
Thymus praecox;110821-05;Snowbed;1;25;23;92;100;34.78;8.7;8.69;47.83;270.5;480.5;65.22;2.964
Thymus praecox;110821-05;Snowbed;2;25;18;72;100;61.11;0;16.67;22.22;30.25;284.5;38.89;2.239
Thymus praecox;110821-05;Snowbed;3;25;22;88;100;36.36;4.55;9.09;50;281;535.5;63.64;2.902
Thymus praecox;110821-05;Snowbed;4;25;9;36;100;55.56;0;22.22;22.22;33.63;305.5;44.44;2.059
Thymus praecox;120821-06;Fellfield;1;25;25;100;100;100;0;0;0;9.62;138;0;0.999
Thymus praecox;120821-06;Fellfield;2;25;25;100;100;100;0;0;0;9.62;138;0;0.999
Thymus praecox;120821-06;Fellfield;3;25;22;88;95.45;95.45;0;0;0;6.88;96;0;0.792
Thymus praecox;120821-06;Fellfield;4;25;18;72;100;100;0;0;0;10;152;0;1
Thymus praecox;120821-06;Snowbed;1;25;25;100;100;96;0;4;0;8.33;99;4;1.34
Thymus praecox;120821-06;Snowbed;2;24;24;100;100;91.67;0;0;8.33;7.06;88.5;8.33;1.123
Thymus praecox;120821-06;Snowbed;3;25;22;88;100;95.45;0;0;4.55;12.7;141;4.55;1.439
Thymus praecox;120821-06;Snowbed;4;25;23;92;100;73.91;0;0;26.09;23.5;233.5;26.09;1.901
Thymus praecox;130921-10;Fellfield;1;25;18;72;100;5.56;0;77.78;16.67;236;602;94.44;2.525
Thymus praecox;130921-10;Fellfield;2;25;14;56;100;35.71;0;57.14;7.14;230.17;544.5;64.29;2.217
Thymus praecox;130921-10;Fellfield;3;25;16;64;100;6.25;0;75;18.75;234.6;582.5;93.75;2.68
Thymus praecox;130921-10;Fellfield;4;25;20;80;95;30;0;65;0;230.4;544.5;68.42;2.039
Thymus praecox;130921-10;Snowbed;1;25;16;64;100;0;0;6.25;93.75;276;480;100;2.147
Thymus praecox;130921-10;Snowbed;2;25;19;76;94.74;5.26;0;5.26;84.21;281.31;546;94.45;2.308
Thymus praecox;130921-10;Snowbed;3;25;17;68;100;0;0;5.88;94.12;278.5;505.5;100;2.343
Thymus praecox;130921-10;Snowbed;4;20;17;85;100;0;0;0;100;278.25;505.5;100;2.38
Thymus praecox;300821-07;Fellfield;1;25;22;88;95.45;86.36;0;9.09;0;10.35;121;9.52;1.083
Thymus praecox;300821-07;Fellfield;2;25;23;92;100;86.96;0;13.04;0;10.82;121;13.04;1.209
Thymus praecox;300821-07;Fellfield;3;25;21;84;100;80.95;0;14.29;4.76;12;144;19.05;1.532
Thymus praecox;300821-07;Fellfield;4;25;23;92;100;86.96;4.35;8.69;0;9.68;109.5;13.04;0.927
Thymus praecox;300821-07;Snowbed;1;25;18;72;100;0;0;27.78;72.22;270.2;395;100;1.415
Thymus praecox;300821-07;Snowbed;2;25;21;84;100;0;0;28.57;71.43;275.38;439.5;100;2.13
Thymus praecox;300821-07;Snowbed;3;24;18;75;100;0;0;33.33;66.67;269.67;388.5;100;1.612
Thymus praecox;300821-07;Snowbed;4;24;19;79.17;94.74;0;0;36.84;57.89;270.33;395;100;1.841
